"","NAME","DATE","AWND","PGTM","TMAX","TMIN","WDF2","WDF5","WSF2","WSF5","Power_output"
"18231","SOUTH LAKE TAHOE AIRPORT, CA US","2017-04-01",3.8,222,57,29,30,140,12.1,17,83.73686688
"18232","SOUTH LAKE TAHOE AIRPORT, CA US","2017-04-02",3.58,1335,58,28,20,30,14.1,17,70.01885382048
"18233","SOUTH LAKE TAHOE AIRPORT, CA US","2017-04-03",2.46,1511,53,28,30,40,12.1,19,22.71805981344
"18234","SOUTH LAKE TAHOE AIRPORT, CA US","2017-04-04",2.46,1520,57,28,200,190,12.1,17,22.71805981344
"18235","SOUTH LAKE TAHOE AIRPORT, CA US","2017-04-05",7.83,2343,60,31,190,170,21,28,732.57349830948
"18236","SOUTH LAKE TAHOE AIRPORT, CA US","2017-04-06",23.04,1137,52,36,180,190,42.9,55.9,18664.3702716826
"18237","SOUTH LAKE TAHOE AIRPORT, CA US","2017-04-07",12.53,1529,39,33,200,180,25.1,40,3002.05835755308
"18238","SOUTH LAKE TAHOE AIRPORT, CA US","2017-04-08",7.38,239,35,17,190,200,19.9,25.9,613.38761496288
"18239","SOUTH LAKE TAHOE AIRPORT, CA US","2017-04-09",6.71,2255,42,12,190,170,19.9,23,461.03455545444
"18240","SOUTH LAKE TAHOE AIRPORT, CA US","2017-04-10",6.49,1400,48,29,190,180,18.1,23.9,417.15745355196
"18241","SOUTH LAKE TAHOE AIRPORT, CA US","2017-04-11",8.28,802,46,28,190,210,23,31.1,866.27728689408
"18242","SOUTH LAKE TAHOE AIRPORT, CA US","2017-04-12",15.43,1445,52,36,200,180,36,53.9,5606.13685668228
"18243","SOUTH LAKE TAHOE AIRPORT, CA US","2017-04-13",8.95,1614,37,26,200,200,21.9,34,1094.044590945
"18244","SOUTH LAKE TAHOE AIRPORT, CA US","2017-04-14",4.03,1247,43,15,40,30,12.1,18.1,99.88058003508
"18245","SOUTH LAKE TAHOE AIRPORT, CA US","2017-04-15",3.58,1330,51,22,30,30,12.1,15,70.01885382048
"18246","SOUTH LAKE TAHOE AIRPORT, CA US","2017-04-16",9.62,2137,57,29,180,180,32,44.1,1358.59850841312
"18247","SOUTH LAKE TAHOE AIRPORT, CA US","2017-04-17",9.84,9,49,38,180,170,29.1,42.9,1453.95582806016
"18248","SOUTH LAKE TAHOE AIRPORT, CA US","2017-04-18",3.13,1621,49,29,160,160,14.1,19.9,46.79494379388
"18249","SOUTH LAKE TAHOE AIRPORT, CA US","2017-04-19",7.61,1442,51,25,190,180,21.9,35.1,672.54273804924
"18250","SOUTH LAKE TAHOE AIRPORT, CA US","2017-04-20",6.04,916,50,30,190,190,19.9,23.9,336.26118041856
"18251","SOUTH LAKE TAHOE AIRPORT, CA US","2017-04-21",3.8,1047,62,28,30,30,12.1,16.1,83.73686688
"18252","SOUTH LAKE TAHOE AIRPORT, CA US","2017-04-22",8.72,1908,63,29,180,190,28,40.9,1011.84822024192
"18253","SOUTH LAKE TAHOE AIRPORT, CA US","2017-04-23",12.3,203,55,40,190,180,21,34,2839.75747668
"18254","SOUTH LAKE TAHOE AIRPORT, CA US","2017-04-24",10.74,143,43,33,190,240,21,29.1,1890.50905315296
"18255","SOUTH LAKE TAHOE AIRPORT, CA US","2017-04-25",4.03,1143,55,29,200,30,13,16.1,99.88058003508
"18256","SOUTH LAKE TAHOE AIRPORT, CA US","2017-04-26",10.51,1047,57,38,180,190,21.9,32,1771.63424085204
"18257","SOUTH LAKE TAHOE AIRPORT, CA US","2017-04-27",5.37,1309,54,32,40,170,14.1,19,236.31363164412
"18258","SOUTH LAKE TAHOE AIRPORT, CA US","2017-04-28",6.71,1726,47,28,20,10,21,30,461.03455545444
"18259","SOUTH LAKE TAHOE AIRPORT, CA US","2017-04-29",2.91,26,57,28,110,30,15,23.9,37.60493863284
"18260","SOUTH LAKE TAHOE AIRPORT, CA US","2017-04-30",2.46,1246,65,28,200,210,14.1,21,22.71805981344
"18261","SOUTH LAKE TAHOE AIRPORT, CA US","2017-05-01",3.58,1454,66,31,30,30,13,17,70.01885382048
"18262","SOUTH LAKE TAHOE AIRPORT, CA US","2017-05-02",3.8,1257,68,34,30,30,13,19,83.73686688
"18263","SOUTH LAKE TAHOE AIRPORT, CA US","2017-05-03",2.91,1345,71,35,40,30,12.1,14.1,37.60493863284
"18264","SOUTH LAKE TAHOE AIRPORT, CA US","2017-05-04",6.93,1433,76,38,190,220,19.9,28,507.88527448428
"18265","SOUTH LAKE TAHOE AIRPORT, CA US","2017-05-05",10.96,1302,66,50,190,200,23,33.1,2009.08161644544
"18266","SOUTH LAKE TAHOE AIRPORT, CA US","2017-05-06",3.8,4,50,33,190,190,17,21.9,83.73686688
"18267","SOUTH LAKE TAHOE AIRPORT, CA US","2017-05-07",2.91,1208,53,33,30,40,16.1,21.9,37.60493863284
"18268","SOUTH LAKE TAHOE AIRPORT, CA US","2017-05-08",2.91,1253,61,32,30,20,13,17,37.60493863284
"18269","SOUTH LAKE TAHOE AIRPORT, CA US","2017-05-09",4.25,1025,67,31,30,20,13,17,117.147414375
"18270","SOUTH LAKE TAHOE AIRPORT, CA US","2017-05-10",3.8,1255,70,33,200,210,13,21,83.73686688
"18271","SOUTH LAKE TAHOE AIRPORT, CA US","2017-05-11",9.17,2344,65,35,190,180,30,42.9,1176.72213884652
"18272","SOUTH LAKE TAHOE AIRPORT, CA US","2017-05-12",10.96,37,48,28,190,180,30,47,2009.08161644544
"18273","SOUTH LAKE TAHOE AIRPORT, CA US","2017-05-13",2.68,1523,51,26,190,210,15,21.9,29.37448758528
"18274","SOUTH LAKE TAHOE AIRPORT, CA US","2017-05-14",2.46,1701,50,28,190,190,19.9,23,22.71805981344
"18275","SOUTH LAKE TAHOE AIRPORT, CA US","2017-05-15",2.91,1140,53,30,30,50,15,19.9,37.60493863284
"18276","SOUTH LAKE TAHOE AIRPORT, CA US","2017-05-16",11.86,1222,47,32,180,190,23,31.1,2545.77480717024
"18277","SOUTH LAKE TAHOE AIRPORT, CA US","2017-05-17",4.92,1230,51,31,30,30,16.1,23.9,181.74447850752
"18278","SOUTH LAKE TAHOE AIRPORT, CA US","2017-05-18",4.92,1339,60,28,30,20,16.1,21.9,181.74447850752
"18279","SOUTH LAKE TAHOE AIRPORT, CA US","2017-05-19",4.25,1124,66,31,30,30,13,17,117.147414375
"18280","SOUTH LAKE TAHOE AIRPORT, CA US","2017-05-20",4.03,1611,71,34,200,190,13,19.9,99.88058003508
"18281","SOUTH LAKE TAHOE AIRPORT, CA US","2017-05-21",4.25,1455,70,35,30,30,13,17,117.147414375
"18282","SOUTH LAKE TAHOE AIRPORT, CA US","2017-05-22",4.92,1339,75,37,30,20,14.1,18.1,181.74447850752
"18283","SOUTH LAKE TAHOE AIRPORT, CA US","2017-05-23",4.7,1130,78,40,30,30,12.1,15,158.43805092
"18284","SOUTH LAKE TAHOE AIRPORT, CA US","2017-05-24",8.72,1446,72,40,190,190,25.1,36,1011.84822024192
"18285","SOUTH LAKE TAHOE AIRPORT, CA US","2017-05-25",5.37,1018,67,35,190,190,19.9,27.1,236.31363164412
"18286","SOUTH LAKE TAHOE AIRPORT, CA US","2017-05-26",4.92,1326,66,31,30,30,15,18.1,181.74447850752
"18287","SOUTH LAKE TAHOE AIRPORT, CA US","2017-05-27",5.37,909,69,35,60,60,14.1,19.9,236.31363164412
"18288","SOUTH LAKE TAHOE AIRPORT, CA US","2017-05-28",3.8,1615,74,33,30,30,15,19,83.73686688
"18289","SOUTH LAKE TAHOE AIRPORT, CA US","2017-05-29",4.03,1753,74,38,80,70,23,33.1,99.88058003508
"18290","SOUTH LAKE TAHOE AIRPORT, CA US","2017-05-30",5.14,1418,74,37,190,190,17,25.1,207.23126321376
"18291","SOUTH LAKE TAHOE AIRPORT, CA US","2017-05-31",6.26,1304,61,44,190,190,21,25.9,374.35955035104
"18292","SOUTH LAKE TAHOE AIRPORT, CA US","2017-06-01",3.58,1455,69,36,40,30,14.1,19.9,70.01885382048
"18293","SOUTH LAKE TAHOE AIRPORT, CA US","2017-06-02",4.7,1652,75,36,200,190,14.1,19.9,158.43805092
"18294","SOUTH LAKE TAHOE AIRPORT, CA US","2017-06-03",5.82,1328,75,41,190,170,18.1,25.9,300.83950906272
"18295","SOUTH LAKE TAHOE AIRPORT, CA US","2017-06-04",6.49,1106,71,41,190,190,21.9,28,417.15745355196
"18296","SOUTH LAKE TAHOE AIRPORT, CA US","2017-06-05",4.47,1453,72,34,30,30,13,16.1,136.29768728292
"18297","SOUTH LAKE TAHOE AIRPORT, CA US","2017-06-06",3.8,1500,77,34,190,190,16.1,21.9,83.73686688
"18298","SOUTH LAKE TAHOE AIRPORT, CA US","2017-06-07",7.16,1451,74,34,190,190,19.9,33.1,560.15083056384
"18299","SOUTH LAKE TAHOE AIRPORT, CA US","2017-06-08",13.2,1003,58,48,190,190,25.1,38.9,3509.84316672
"18300","SOUTH LAKE TAHOE AIRPORT, CA US","2017-06-09",13.65,1527,57,47,190,180,28,47,3881.180774835
"18301","SOUTH LAKE TAHOE AIRPORT, CA US","2017-06-10",13.87,1426,58,43,190,180,25.9,40,4071.88309288212
"18302","SOUTH LAKE TAHOE AIRPORT, CA US","2017-06-11",10.51,1126,50,31,190,190,23.9,36,1771.63424085204
"18303","SOUTH LAKE TAHOE AIRPORT, CA US","2017-06-12",7.83,1429,50,31,180,170,21,27.1,732.57349830948
"18304","SOUTH LAKE TAHOE AIRPORT, CA US","2017-06-13",4.03,1155,66,28,20,30,12.1,16.1,99.88058003508
"18305","SOUTH LAKE TAHOE AIRPORT, CA US","2017-06-14",4.47,1527,73,35,180,210,14.1,19.9,136.29768728292
"18306","SOUTH LAKE TAHOE AIRPORT, CA US","2017-06-15",3.36,1404,76,36,190,170,15,21,57.88736077824
"18307","SOUTH LAKE TAHOE AIRPORT, CA US","2017-06-16",4.47,1625,84,40,190,200,15,21.9,136.29768728292
"18308","SOUTH LAKE TAHOE AIRPORT, CA US","2017-06-17",4.03,1248,85,46,40,40,14.1,18.1,99.88058003508
"18309","SOUTH LAKE TAHOE AIRPORT, CA US","2017-06-18",2.91,938,83,49,60,40,13,18.1,37.60493863284
"18310","SOUTH LAKE TAHOE AIRPORT, CA US","2017-06-19",4.03,1551,90,49,160,160,18.1,25.9,99.88058003508
"18311","SOUTH LAKE TAHOE AIRPORT, CA US","2017-06-20",3.8,1529,87,46,40,210,14.1,19.9,83.73686688
"18312","SOUTH LAKE TAHOE AIRPORT, CA US","2017-06-21",4.7,1709,86,49,170,180,23.9,35.1,158.43805092
"18313","SOUTH LAKE TAHOE AIRPORT, CA US","2017-06-22",3.36,932,84,48,30,30,10.1,15,57.88736077824
"18314","SOUTH LAKE TAHOE AIRPORT, CA US","2017-06-23",4.47,1039,86,46,30,20,13,16.1,136.29768728292
"18315","SOUTH LAKE TAHOE AIRPORT, CA US","2017-06-24",4.25,1834,87,49,190,200,17,23,117.147414375
"18316","SOUTH LAKE TAHOE AIRPORT, CA US","2017-06-25",4.03,1421,84,50,190,200,17,23,99.88058003508
"18317","SOUTH LAKE TAHOE AIRPORT, CA US","2017-06-26",6.04,1123,78,47,190,170,19.9,29.1,336.26118041856
"18318","SOUTH LAKE TAHOE AIRPORT, CA US","2017-06-27",5.59,1538,77,39,190,190,18.1,23,266.56390442916
"18319","SOUTH LAKE TAHOE AIRPORT, CA US","2017-06-28",3.13,1148,77,37,220,190,13,19.9,46.79494379388
"18320","SOUTH LAKE TAHOE AIRPORT, CA US","2017-06-29",4.25,1430,79,36,30,40,14.1,17,117.147414375
"18321","SOUTH LAKE TAHOE AIRPORT, CA US","2017-06-30",4.92,1352,81,44,30,40,13,16.1,181.74447850752
"217962","SOUTH LAKE TAHOE AIRPORT, CA US","2017-07-01",4.25,1050,81,42,30,30,13,17,117.147414375
"217963","SOUTH LAKE TAHOE AIRPORT, CA US","2017-07-02",5.14,1420,82,45,30,30,14.1,17,207.23126321376
"217964","SOUTH LAKE TAHOE AIRPORT, CA US","2017-07-03",4.03,1457,82,47,180,180,17,21.9,99.88058003508
"217965","SOUTH LAKE TAHOE AIRPORT, CA US","2017-07-04",5.14,1604,82,47,210,190,16.1,23.9,207.23126321376
"217966","SOUTH LAKE TAHOE AIRPORT, CA US","2017-07-05",3.8,1147,83,43,190,190,17,23.9,83.73686688
"217967","SOUTH LAKE TAHOE AIRPORT, CA US","2017-07-06",2.01,1105,79,47,30,40,10.1,12.1,12.39236195004
"217968","SOUTH LAKE TAHOE AIRPORT, CA US","2017-07-07",2.91,1612,85,49,30,30,13,17,37.60493863284
"217969","SOUTH LAKE TAHOE AIRPORT, CA US","2017-07-08",4.92,1436,89,49,190,200,15,21,181.74447850752
"217970","SOUTH LAKE TAHOE AIRPORT, CA US","2017-07-09",4.47,1518,85,48,180,220,18.1,31.1,136.29768728292
"217971","SOUTH LAKE TAHOE AIRPORT, CA US","2017-07-10",6.04,1248,83,47,180,180,23,29.1,336.26118041856
"217972","SOUTH LAKE TAHOE AIRPORT, CA US","2017-07-11",4.92,1407,82,43,190,190,19.9,29.1,181.74447850752
"217973","SOUTH LAKE TAHOE AIRPORT, CA US","2017-07-12",4.92,1610,84,39,200,190,15,23,181.74447850752
"217974","SOUTH LAKE TAHOE AIRPORT, CA US","2017-07-13",4.25,1509,84,45,190,190,16.1,23.9,117.147414375
"217975","SOUTH LAKE TAHOE AIRPORT, CA US","2017-07-14",5.59,1604,84,46,180,180,16.1,21.9,266.56390442916
"217976","SOUTH LAKE TAHOE AIRPORT, CA US","2017-07-15",4.7,1426,86,45,190,190,16.1,23,158.43805092
"217977","SOUTH LAKE TAHOE AIRPORT, CA US","2017-07-16",3.8,1535,85,51,200,190,15,21.9,83.73686688
"217978","SOUTH LAKE TAHOE AIRPORT, CA US","2017-07-17",6.93,1313,80,43,180,190,23,35.1,507.88527448428
"217979","SOUTH LAKE TAHOE AIRPORT, CA US","2017-07-18",6.04,1121,79,41,190,180,25.1,36,336.26118041856
"217980","SOUTH LAKE TAHOE AIRPORT, CA US","2017-07-19",4.7,1508,80,38,180,180,18.1,23.9,158.43805092
"217981","SOUTH LAKE TAHOE AIRPORT, CA US","2017-07-20",4.92,1509,80,34,190,190,15,21,181.74447850752
"217982","SOUTH LAKE TAHOE AIRPORT, CA US","2017-07-21",4.92,1322,81,36,30,30,14.1,17,181.74447850752
"217983","SOUTH LAKE TAHOE AIRPORT, CA US","2017-07-22",3.8,1325,86,44,30,30,13,14.1,83.73686688
"217984","SOUTH LAKE TAHOE AIRPORT, CA US","2017-07-23",4.25,1509,88,49,190,190,16.1,21.9,117.147414375
"217985","SOUTH LAKE TAHOE AIRPORT, CA US","2017-07-24",4.25,1535,84,54,200,180,14.1,23.9,117.147414375
"217986","SOUTH LAKE TAHOE AIRPORT, CA US","2017-07-25",5.14,1346,81,50,200,190,17,23.9,207.23126321376
"217987","SOUTH LAKE TAHOE AIRPORT, CA US","2017-07-26",4.47,1415,77,45,190,190,17,25.1,136.29768728292
"217988","SOUTH LAKE TAHOE AIRPORT, CA US","2017-07-27",4.03,1209,81,45,30,30,14.1,19,99.88058003508
"217989","SOUTH LAKE TAHOE AIRPORT, CA US","2017-07-28",4.03,1503,84,46,190,190,16.1,21,99.88058003508
"217990","SOUTH LAKE TAHOE AIRPORT, CA US","2017-07-29",2.91,1627,84,49,50,200,12.1,17,37.60493863284
"217991","SOUTH LAKE TAHOE AIRPORT, CA US","2017-07-30",5.14,1634,86,47,190,200,15,21,207.23126321376
"217992","SOUTH LAKE TAHOE AIRPORT, CA US","2017-07-31",3.58,1513,89,49,30,10,13,17,70.01885382048
"217993","SOUTH LAKE TAHOE AIRPORT, CA US","2017-08-01",3.13,1626,89,51,190,190,15,19,46.79494379388
"217994","SOUTH LAKE TAHOE AIRPORT, CA US","2017-08-02",4.03,1419,89,56,190,180,18.1,25.9,99.88058003508
"217995","SOUTH LAKE TAHOE AIRPORT, CA US","2017-08-03",4.7,1530,88,51,170,10,15,21,158.43805092
"217996","SOUTH LAKE TAHOE AIRPORT, CA US","2017-08-04",4.7,1505,85,53,180,180,17,23.9,158.43805092
"217997","SOUTH LAKE TAHOE AIRPORT, CA US","2017-08-05",3.36,1750,77,53,170,150,17,25.1,57.88736077824
"217998","SOUTH LAKE TAHOE AIRPORT, CA US","2017-08-06",2.24,1129,75,45,30,20,10.1,17,17.15181060096
"217999","SOUTH LAKE TAHOE AIRPORT, CA US","2017-08-07",4.03,1244,76,44,30,30,13,19.9,99.88058003508
"218000","SOUTH LAKE TAHOE AIRPORT, CA US","2017-08-08",3.58,1709,79,46,190,190,13,17,70.01885382048
"218001","SOUTH LAKE TAHOE AIRPORT, CA US","2017-08-09",2.91,1506,80,49,200,190,15,23,37.60493863284
"218002","SOUTH LAKE TAHOE AIRPORT, CA US","2017-08-10",4.92,1231,80,45,30,40,15,19,181.74447850752
"218003","SOUTH LAKE TAHOE AIRPORT, CA US","2017-08-11",3.58,1619,79,45,190,190,13,19,70.01885382048
"218004","SOUTH LAKE TAHOE AIRPORT, CA US","2017-08-12",4.25,1252,80,39,200,200,16.1,23.9,117.147414375
"218005","SOUTH LAKE TAHOE AIRPORT, CA US","2017-08-13",6.49,1500,80,39,200,200,18.1,25.1,417.15745355196
"218006","SOUTH LAKE TAHOE AIRPORT, CA US","2017-08-14",4.03,1515,75,50,180,200,17,25.1,99.88058003508
"218007","SOUTH LAKE TAHOE AIRPORT, CA US","2017-08-15",4.03,1226,77,44,30,30,13,16.1,99.88058003508
"218008","SOUTH LAKE TAHOE AIRPORT, CA US","2017-08-16",3.58,1502,80,47,190,200,18.1,25.9,70.01885382048
"218009","SOUTH LAKE TAHOE AIRPORT, CA US","2017-08-17",3.13,1409,83,45,30,30,12.1,16.1,46.79494379388
"218010","SOUTH LAKE TAHOE AIRPORT, CA US","2017-08-18",2.91,1630,84,46,190,180,12.1,15,37.60493863284
"218011","SOUTH LAKE TAHOE AIRPORT, CA US","2017-08-19",4.7,1526,83,46,190,200,16.1,21.9,158.43805092
"218012","SOUTH LAKE TAHOE AIRPORT, CA US","2017-08-20",5.14,1552,81,48,200,210,19.9,27.1,207.23126321376
"218013","SOUTH LAKE TAHOE AIRPORT, CA US","2017-08-21",3.13,1545,81,45,190,180,21.9,29.1,46.79494379388
"218014","SOUTH LAKE TAHOE AIRPORT, CA US","2017-08-22",3.36,255,76,49,180,180,13,15,57.88736077824
"218015","SOUTH LAKE TAHOE AIRPORT, CA US","2017-08-23",3.8,1506,78,43,30,30,14.1,17,83.73686688
"218016","SOUTH LAKE TAHOE AIRPORT, CA US","2017-08-24",5.14,1245,80,44,190,220,18.1,23,207.23126321376
"218017","SOUTH LAKE TAHOE AIRPORT, CA US","2017-08-25",3.13,1525,83,44,190,180,14.1,18.1,46.79494379388
"218018","SOUTH LAKE TAHOE AIRPORT, CA US","2017-08-26",3.58,1251,85,45,30,40,12.1,14.1,70.01885382048
"218020","SOUTH LAKE TAHOE AIRPORT, CA US","2017-08-28",4.92,1209,87,44,190,180,21.9,31.1,181.74447850752
"218021","SOUTH LAKE TAHOE AIRPORT, CA US","2017-08-29",4.47,1551,86,48,200,190,16.1,23,136.29768728292
"218022","SOUTH LAKE TAHOE AIRPORT, CA US","2017-08-30",4.03,1408,83,46,190,180,23,30,99.88058003508
"218023","SOUTH LAKE TAHOE AIRPORT, CA US","2017-08-31",3.8,956,83,42,190,190,18.1,23.9,83.73686688
"218024","SOUTH LAKE TAHOE AIRPORT, CA US","2017-09-01",3.58,1340,85,42,40,30,17,27.1,70.01885382048
"218025","SOUTH LAKE TAHOE AIRPORT, CA US","2017-09-02",2.01,1429,87,43,20,20,8.9,14.1,12.39236195004
"218026","SOUTH LAKE TAHOE AIRPORT, CA US","2017-09-03",2.91,1427,85,49,200,190,19.9,23.9,37.60493863284
"218027","SOUTH LAKE TAHOE AIRPORT, CA US","2017-09-04",3.13,1234,86,47,180,180,18.1,25.1,46.79494379388
"218028","SOUTH LAKE TAHOE AIRPORT, CA US","2017-09-05",3.8,1351,87,47,200,200,21,25.9,83.73686688
"218029","SOUTH LAKE TAHOE AIRPORT, CA US","2017-09-06",2.91,1440,75,48,60,60,18.1,29.1,37.60493863284
"218030","SOUTH LAKE TAHOE AIRPORT, CA US","2017-09-07",4.92,1125,75,45,180,190,19.9,25.1,181.74447850752
"218031","SOUTH LAKE TAHOE AIRPORT, CA US","2017-09-08",2.46,1253,71,42,50,30,14.1,19.9,22.71805981344
"218032","SOUTH LAKE TAHOE AIRPORT, CA US","2017-09-09",3.13,1157,73,36,190,20,10.1,15,46.79494379388
"218033","SOUTH LAKE TAHOE AIRPORT, CA US","2017-09-10",4.25,1710,78,40,30,30,15,21,117.147414375
"218034","SOUTH LAKE TAHOE AIRPORT, CA US","2017-09-11",2.46,1706,80,44,190,180,35.1,42.1,22.71805981344
"218035","SOUTH LAKE TAHOE AIRPORT, CA US","2017-09-12",3.58,1453,72,47,190,200,12.1,15,70.01885382048
"218036","SOUTH LAKE TAHOE AIRPORT, CA US","2017-09-13",3.36,1423,74,42,180,210,18.1,23.9,57.88736077824
"218037","SOUTH LAKE TAHOE AIRPORT, CA US","2017-09-14",5.37,1401,70,39,190,200,21,30,236.31363164412
"218038","SOUTH LAKE TAHOE AIRPORT, CA US","2017-09-15",3.58,1403,66,37,30,30,13,19.9,70.01885382048
"218039","SOUTH LAKE TAHOE AIRPORT, CA US","2017-09-16",4.47,1450,67,31,190,190,15,18.1,136.29768728292
"218040","SOUTH LAKE TAHOE AIRPORT, CA US","2017-09-17",4.03,952,69,33,180,200,17,25.1,99.88058003508
"218041","SOUTH LAKE TAHOE AIRPORT, CA US","2017-09-18",8.95,1332,63,39,180,190,23.9,38,1094.044590945
"218042","SOUTH LAKE TAHOE AIRPORT, CA US","2017-09-19",10.29,1255,62,40,180,190,23.9,31.1,1662.69289750956
"218043","SOUTH LAKE TAHOE AIRPORT, CA US","2017-09-20",12.08,1500,59,39,190,180,29.1,46.1,2690.08944334848
"218044","SOUTH LAKE TAHOE AIRPORT, CA US","2017-09-21",5.14,205,46,31,180,190,18.1,27.1,207.23126321376
"218045","SOUTH LAKE TAHOE AIRPORT, CA US","2017-09-22",2.01,1249,45,30,170,30,8.1,11,12.39236195004
"218046","SOUTH LAKE TAHOE AIRPORT, CA US","2017-09-23",4.47,927,52,25,70,70,16.1,21.9,136.29768728292
"218047","SOUTH LAKE TAHOE AIRPORT, CA US","2017-09-24",3.36,1033,58,26,70,70,14.1,18.1,57.88736077824
"218048","SOUTH LAKE TAHOE AIRPORT, CA US","2017-09-25",2.91,1505,62,28,20,40,13,19,37.60493863284
"218049","SOUTH LAKE TAHOE AIRPORT, CA US","2017-09-26",4.47,1147,62,31,30,40,18.1,30,136.29768728292
"218050","SOUTH LAKE TAHOE AIRPORT, CA US","2017-09-27",3.36,1334,66,29,40,40,12.1,16.1,57.88736077824
"218051","SOUTH LAKE TAHOE AIRPORT, CA US","2017-09-28",3.58,1320,70,30,30,20,12.1,16.1,70.01885382048
"218052","SOUTH LAKE TAHOE AIRPORT, CA US","2017-09-29",5.59,1246,63,32,190,190,16.1,21,266.56390442916
"218053","SOUTH LAKE TAHOE AIRPORT, CA US","2017-09-30",2.68,1002,68,34,190,190,15,19.9,29.37448758528
"316567","SOUTH LAKE TAHOE AIRPORT, CA US","2017-10-01",2.91,1937,66,30,30,90,12.1,17,37.60493863284
"316568","SOUTH LAKE TAHOE AIRPORT, CA US","2017-10-02",5.14,1509,57,27,190,200,17,23,207.23126321376
"316569","SOUTH LAKE TAHOE AIRPORT, CA US","2017-10-03",5.14,1017,50,27,50,60,16.1,23,207.23126321376
"316570","SOUTH LAKE TAHOE AIRPORT, CA US","2017-10-04",2.68,1117,57,23,20,40,10.1,14.1,29.37448758528
"316571","SOUTH LAKE TAHOE AIRPORT, CA US","2017-10-05",2.46,1243,61,24,30,30,10.1,16.1,22.71805981344
"316572","SOUTH LAKE TAHOE AIRPORT, CA US","2017-10-06",2.46,1122,68,26,40,30,8.9,15,22.71805981344
"316573","SOUTH LAKE TAHOE AIRPORT, CA US","2017-10-07",3.8,1422,73,28,190,190,18.1,23,83.73686688
"316574","SOUTH LAKE TAHOE AIRPORT, CA US","2017-10-08",4.92,1601,62,30,70,90,17,30,181.74447850752
"316575","SOUTH LAKE TAHOE AIRPORT, CA US","2017-10-09",3.36,126,58,24,110,130,16.1,27.1,57.88736077824
"316576","SOUTH LAKE TAHOE AIRPORT, CA US","2017-10-10",6.71,1544,64,23,200,180,17,23.9,461.03455545444
"316577","SOUTH LAKE TAHOE AIRPORT, CA US","2017-10-11",9.84,1233,58,28,180,180,28,38,1453.95582806016
"316578","SOUTH LAKE TAHOE AIRPORT, CA US","2017-10-12",2.68,1306,59,22,40,20,10.1,14.1,29.37448758528
"316579","SOUTH LAKE TAHOE AIRPORT, CA US","2017-10-13",4.25,1512,60,20,190,190,15,19.9,117.147414375
"316580","SOUTH LAKE TAHOE AIRPORT, CA US","2017-10-14",1.79,946,55,21,30,30,10.1,13,8.75235672756
"316581","SOUTH LAKE TAHOE AIRPORT, CA US","2017-10-15",3.13,1254,66,21,20,20,8.1,13,46.79494379388
"316582","SOUTH LAKE TAHOE AIRPORT, CA US","2017-10-16",1.57,1310,70,23,20,40,8.1,13,5.90561151372
"316583","SOUTH LAKE TAHOE AIRPORT, CA US","2017-10-17",2.01,1406,68,26,190,190,13,17,12.39236195004
"316584","SOUTH LAKE TAHOE AIRPORT, CA US","2017-10-18",2.24,1050,69,25,50,50,8.9,14.1,17.15181060096
"316585","SOUTH LAKE TAHOE AIRPORT, CA US","2017-10-19",11.41,2124,61,30,200,180,33.1,48.1,2266.85035109484
"316586","SOUTH LAKE TAHOE AIRPORT, CA US","2017-10-20",6.26,31,46,29,190,180,25.9,36,374.35955035104
"316587","SOUTH LAKE TAHOE AIRPORT, CA US","2017-10-21",2.01,1241,59,25,30,30,8.9,14.1,12.39236195004
"316588","SOUTH LAKE TAHOE AIRPORT, CA US","2017-10-22",1.57,1321,66,27,30,30,8.9,13,5.90561151372
"316589","SOUTH LAKE TAHOE AIRPORT, CA US","2017-10-23",3.58,1452,69,29,40,270,14.1,21,70.01885382048
"316590","SOUTH LAKE TAHOE AIRPORT, CA US","2017-10-24",2.24,1345,67,30,20,20,8.1,10.1,17.15181060096
"316591","SOUTH LAKE TAHOE AIRPORT, CA US","2017-10-25",2.01,1205,70,29,40,30,8.1,12.1,12.39236195004
"316592","SOUTH LAKE TAHOE AIRPORT, CA US","2017-10-26",3.13,1053,69,29,20,10,8.9,13,46.79494379388
"316593","SOUTH LAKE TAHOE AIRPORT, CA US","2017-10-27",2.46,1147,67,28,30,40,8.9,12.1,22.71805981344
"316594","SOUTH LAKE TAHOE AIRPORT, CA US","2017-10-28",2.24,1314,67,27,40,30,8.9,14.1,17.15181060096
"316595","SOUTH LAKE TAHOE AIRPORT, CA US","2017-10-29",1.57,1425,70,29,20,20,8.9,12.1,5.90561151372
"316596","SOUTH LAKE TAHOE AIRPORT, CA US","2017-10-30",2.91,1303,64,28,190,190,21,25.9,37.60493863284
"316597","SOUTH LAKE TAHOE AIRPORT, CA US","2017-10-31",2.24,200,59,28,150,100,10.1,17,17.15181060096
"316598","SOUTH LAKE TAHOE AIRPORT, CA US","2017-11-01",2.91,1523,65,24,190,180,10.1,15,37.60493863284
"316599","SOUTH LAKE TAHOE AIRPORT, CA US","2017-11-02",10.07,1537,57,28,190,190,23,29.1,1558.31169131172
"316600","SOUTH LAKE TAHOE AIRPORT, CA US","2017-11-03",14.09,1147,43,38,190,180,25.1,36.9,4268.73206809116
"316601","SOUTH LAKE TAHOE AIRPORT, CA US","2017-11-04",12.3,2053,42,37,190,170,23.9,38,2839.75747668
"316602","SOUTH LAKE TAHOE AIRPORT, CA US","2017-11-05",13.42,1021,45,34,190,190,28,36.9,3688.27644363552
"316603","SOUTH LAKE TAHOE AIRPORT, CA US","2017-11-06",7.61,917,48,21,180,190,17,23,672.54273804924
"316604","SOUTH LAKE TAHOE AIRPORT, CA US","2017-11-07",2.24,1158,54,14,30,30,8.9,14.1,17.15181060096
"316605","SOUTH LAKE TAHOE AIRPORT, CA US","2017-11-08",12.97,2116,53,24,190,190,33.1,47,3329.55233440092
"316606","SOUTH LAKE TAHOE AIRPORT, CA US","2017-11-09",16.55,1235,47,39,200,190,29.1,45,6917.671131705
"316607","SOUTH LAKE TAHOE AIRPORT, CA US","2017-11-10",12.08,2,45,37,190,200,21.9,31.1,2690.08944334848
"316608","SOUTH LAKE TAHOE AIRPORT, CA US","2017-11-11",2.01,1211,53,25,30,40,10.1,13,12.39236195004
"316609","SOUTH LAKE TAHOE AIRPORT, CA US","2017-11-12",9.17,1156,57,32,190,180,25.1,38,1176.72213884652
"316610","SOUTH LAKE TAHOE AIRPORT, CA US","2017-11-13",12.3,1325,51,35,190,180,28,38.9,2839.75747668
"316611","SOUTH LAKE TAHOE AIRPORT, CA US","2017-11-14",9.84,18,51,30,180,190,21,31.1,1453.95582806016
"316612","SOUTH LAKE TAHOE AIRPORT, CA US","2017-11-15",14.09,1528,48,34,200,180,28,46.1,4268.73206809116
"316613","SOUTH LAKE TAHOE AIRPORT, CA US","2017-11-16",11.41,757,45,35,200,180,25.9,38,2266.85035109484
"316614","SOUTH LAKE TAHOE AIRPORT, CA US","2017-11-17",7.61,551,41,24,190,190,25.9,36,672.54273804924
"316615","SOUTH LAKE TAHOE AIRPORT, CA US","2017-11-18",2.46,1157,47,19,50,30,8.1,11,22.71805981344
"316616","SOUTH LAKE TAHOE AIRPORT, CA US","2017-11-19",2.91,1420,56,20,200,200,14.1,18.1,37.60493863284
"316617","SOUTH LAKE TAHOE AIRPORT, CA US","2017-11-20",8.95,319,49,37,190,190,21.9,28,1094.044590945
"316618","SOUTH LAKE TAHOE AIRPORT, CA US","2017-11-21",2.01,12,57,33,40,170,8.1,10.1,12.39236195004
"316619","SOUTH LAKE TAHOE AIRPORT, CA US","2017-11-22",2.24,1234,57,32,30,40,8.9,12.1,17.15181060096
"316620","SOUTH LAKE TAHOE AIRPORT, CA US","2017-11-23",6.26,2137,65,36,190,180,21,30,374.35955035104
"316621","SOUTH LAKE TAHOE AIRPORT, CA US","2017-11-24",6.71,54,60,39,180,190,18.1,27.1,461.03455545444
"316622","SOUTH LAKE TAHOE AIRPORT, CA US","2017-11-25",10.29,2017,66,32,190,180,30,51,1662.69289750956
"316623","SOUTH LAKE TAHOE AIRPORT, CA US","2017-11-26",14.99,1307,57,36,180,190,30,49,5140.09109565396
"316624","SOUTH LAKE TAHOE AIRPORT, CA US","2017-11-27",4.47,252,40,26,190,210,14.1,19.9,136.29768728292
"316625","SOUTH LAKE TAHOE AIRPORT, CA US","2017-11-28",3.13,1320,51,23,190,180,14.1,17,46.79494379388
"316626","SOUTH LAKE TAHOE AIRPORT, CA US","2017-11-29",2.01,1037,48,24,30,30,8.9,12.1,12.39236195004
"316627","SOUTH LAKE TAHOE AIRPORT, CA US","2017-11-30",2.01,1326,55,23,180,190,14.1,16.1,12.39236195004
"316628","SOUTH LAKE TAHOE AIRPORT, CA US","2017-12-01",4.25,1314,52,24,180,190,15,23,117.147414375
"316629","SOUTH LAKE TAHOE AIRPORT, CA US","2017-12-02",10.07,1237,52,25,190,190,23,34,1558.31169131172
"316630","SOUTH LAKE TAHOE AIRPORT, CA US","2017-12-03",7.61,447,40,17,210,190,25.9,42.1,672.54273804924
"316631","SOUTH LAKE TAHOE AIRPORT, CA US","2017-12-04",5.37,1238,32,12,50,90,25.1,35.1,236.31363164412
"316632","SOUTH LAKE TAHOE AIRPORT, CA US","2017-12-05",2.24,102,43,13,10,30,13,19.9,17.15181060096
"316633","SOUTH LAKE TAHOE AIRPORT, CA US","2017-12-06",3.13,1533,46,13,50,50,19.9,27.1,46.79494379388
"316634","SOUTH LAKE TAHOE AIRPORT, CA US","2017-12-07",1.57,1252,50,13,200,30,6.9,8.9,5.90561151372
"316635","SOUTH LAKE TAHOE AIRPORT, CA US","2017-12-08",2.91,1229,51,17,40,30,6.9,11,37.60493863284
"316636","SOUTH LAKE TAHOE AIRPORT, CA US","2017-12-09",2.24,1404,49,15,30,20,6.9,8.9,17.15181060096
"316637","SOUTH LAKE TAHOE AIRPORT, CA US","2017-12-10",2.68,1326,50,14,170,20,6.9,10.1,29.37448758528
"316638","SOUTH LAKE TAHOE AIRPORT, CA US","2017-12-11",2.68,1320,49,12,40,40,8.1,10.1,29.37448758528
"316639","SOUTH LAKE TAHOE AIRPORT, CA US","2017-12-12",2.91,1404,49,12,30,20,8.1,10.1,37.60493863284
"316640","SOUTH LAKE TAHOE AIRPORT, CA US","2017-12-13",3.36,1104,44,15,30,30,8.1,10.1,57.88736077824
"316641","SOUTH LAKE TAHOE AIRPORT, CA US","2017-12-14",2.68,150,58,16,190,160,6.9,8.9,29.37448758528
"316642","SOUTH LAKE TAHOE AIRPORT, CA US","2017-12-15",3.8,1535,59,18,190,220,15,18.1,83.73686688
"316643","SOUTH LAKE TAHOE AIRPORT, CA US","2017-12-16",5.82,2115,40,25,80,40,17,33.1,300.83950906272
"316644","SOUTH LAKE TAHOE AIRPORT, CA US","2017-12-17",2.46,156,45,18,30,40,12.1,16.1,22.71805981344
"316645","SOUTH LAKE TAHOE AIRPORT, CA US","2017-12-18",2.24,1357,52,19,30,30,8.9,12.1,17.15181060096
"316646","SOUTH LAKE TAHOE AIRPORT, CA US","2017-12-19",8.95,2013,53,19,190,180,36,51,1094.044590945
"316647","SOUTH LAKE TAHOE AIRPORT, CA US","2017-12-20",8.28,238,44,14,190,180,33.1,53,866.27728689408
"316648","SOUTH LAKE TAHOE AIRPORT, CA US","2017-12-21",4.03,506,35,11,60,90,19.9,31.1,99.88058003508
"316649","SOUTH LAKE TAHOE AIRPORT, CA US","2017-12-22",3.8,1928,45,10,200,200,15,19,83.73686688
"316650","SOUTH LAKE TAHOE AIRPORT, CA US","2017-12-23",4.25,817,50,31,210,220,14.1,19,117.147414375
"316651","SOUTH LAKE TAHOE AIRPORT, CA US","2017-12-24",6.04,1553,51,27,190,200,21.9,28,336.26118041856
"316652","SOUTH LAKE TAHOE AIRPORT, CA US","2017-12-25",3.58,1114,52,29,190,180,16.1,19.9,70.01885382048
"316653","SOUTH LAKE TAHOE AIRPORT, CA US","2017-12-26",1.79,1238,53,21,40,40,8.1,12.1,8.75235672756
"316654","SOUTH LAKE TAHOE AIRPORT, CA US","2017-12-27",4.03,1124,57,21,190,190,15,21,99.88058003508
"316655","SOUTH LAKE TAHOE AIRPORT, CA US","2017-12-28",1.79,1218,54,20,30,40,8.9,12.1,8.75235672756
"316656","SOUTH LAKE TAHOE AIRPORT, CA US","2017-12-29",3.58,1303,61,22,180,200,17,27.1,70.01885382048
"316657","SOUTH LAKE TAHOE AIRPORT, CA US","2017-12-30",6.04,1345,58,26,190,180,16.1,19.9,336.26118041856
"316658","SOUTH LAKE TAHOE AIRPORT, CA US","2017-12-31",2.01,1526,54,24,210,210,8.1,13,12.39236195004
"518286","SOUTH LAKE TAHOE AIRPORT, CA US","2018-01-01",1.57,1300,54,27,30,40,6.9,10.1,5.90561151372
"518287","SOUTH LAKE TAHOE AIRPORT, CA US","2018-01-02",1.34,1431,49,24,40,30,6,8.1,3.67181094816
"518288","SOUTH LAKE TAHOE AIRPORT, CA US","2018-01-03",1.12,1715,50,26,220,230,12.1,18.1,2.14397632512
"518289","SOUTH LAKE TAHOE AIRPORT, CA US","2018-01-04",4.92,1435,52,31,170,170,21,29.1,181.74447850752
"518290","SOUTH LAKE TAHOE AIRPORT, CA US","2018-01-05",6.71,1801,50,36,170,150,15,21,461.03455545444
"518291","SOUTH LAKE TAHOE AIRPORT, CA US","2018-01-06",4.92,1401,44,24,190,180,18.1,23.9,181.74447850752
"518292","SOUTH LAKE TAHOE AIRPORT, CA US","2018-01-07",2.24,1833,40,20,190,220,6.9,10.1,17.15181060096
"518293","SOUTH LAKE TAHOE AIRPORT, CA US","2018-01-08",1.79,1244,47,34,210,230,8.1,13,8.75235672756
"518294","SOUTH LAKE TAHOE AIRPORT, CA US","2018-01-09",3.13,1923,44,36,190,190,13,17,46.79494379388
"518295","SOUTH LAKE TAHOE AIRPORT, CA US","2018-01-10",7.16,751,46,27,200,190,21,25.9,560.15083056384
"518296","SOUTH LAKE TAHOE AIRPORT, CA US","2018-01-11",8.28,1633,49,25,190,230,25.1,36,866.27728689408
"518297","SOUTH LAKE TAHOE AIRPORT, CA US","2018-01-12",2.91,129,51,27,160,160,14.1,19.9,37.60493863284
"518298","SOUTH LAKE TAHOE AIRPORT, CA US","2018-01-13",1.57,1317,53,23,40,30,8.9,12.1,5.90561151372
"518299","SOUTH LAKE TAHOE AIRPORT, CA US","2018-01-14",1.79,1248,49,24,30,30,6.9,10.1,8.75235672756
"518300","SOUTH LAKE TAHOE AIRPORT, CA US","2018-01-15",1.79,1358,56,27,190,230,12.1,16.1,8.75235672756
"518301","SOUTH LAKE TAHOE AIRPORT, CA US","2018-01-16",3.8,441,51,29,180,170,18.1,21.9,83.73686688
"518302","SOUTH LAKE TAHOE AIRPORT, CA US","2018-01-17",3.8,2319,57,26,160,150,12.1,18.1,83.73686688
"518303","SOUTH LAKE TAHOE AIRPORT, CA US","2018-01-18",13.65,1215,51,32,200,180,33.1,51,3881.180774835
"518304","SOUTH LAKE TAHOE AIRPORT, CA US","2018-01-19",5.14,21,33,20,190,190,15,19,207.23126321376
"518305","SOUTH LAKE TAHOE AIRPORT, CA US","2018-01-20",2.24,1147,33,12,20,30,8.9,12.1,17.15181060096
"518306","SOUTH LAKE TAHOE AIRPORT, CA US","2018-01-21",5.59,2013,36,9,190,190,18.1,23.9,266.56390442916
"518307","SOUTH LAKE TAHOE AIRPORT, CA US","2018-01-22",7.83,407,40,22,190,190,21,23.9,732.57349830948
"518308","SOUTH LAKE TAHOE AIRPORT, CA US","2018-01-23",3.58,1503,48,15,180,180,14.1,19,70.01885382048
"518309","SOUTH LAKE TAHOE AIRPORT, CA US","2018-01-24",13.65,944,46,27,200,190,32,53,3881.180774835
"518310","SOUTH LAKE TAHOE AIRPORT, CA US","2018-01-25",7.38,4,31,14,190,180,18.1,29.1,613.38761496288
"518311","SOUTH LAKE TAHOE AIRPORT, CA US","2018-01-26",2.91,2043,37,6,190,180,12.1,16.1,37.60493863284
"518312","SOUTH LAKE TAHOE AIRPORT, CA US","2018-01-27",2.01,437,45,20,30,200,10.1,13,12.39236195004
"518313","SOUTH LAKE TAHOE AIRPORT, CA US","2018-01-28",3.13,1311,44,15,30,30,10.1,11,46.79494379388
"518314","SOUTH LAKE TAHOE AIRPORT, CA US","2018-01-29",1.34,1153,40,19,30,20,8.9,11,3.67181094816
"518315","SOUTH LAKE TAHOE AIRPORT, CA US","2018-01-30",2.91,1450,57,23,190,210,13,17,37.60493863284
"518316","SOUTH LAKE TAHOE AIRPORT, CA US","2018-01-31",2.01,1401,55,25,30,20,8.9,12.1,12.39236195004
"518317","SOUTH LAKE TAHOE AIRPORT, CA US","2018-02-01",2.24,1250,57,28,30,20,10.1,14.1,17.15181060096
"518318","SOUTH LAKE TAHOE AIRPORT, CA US","2018-02-02",2.24,1535,56,25,20,30,8.9,13,17.15181060096
"518319","SOUTH LAKE TAHOE AIRPORT, CA US","2018-02-03",1.79,1303,56,23,30,20,13,16.1,8.75235672756
"518320","SOUTH LAKE TAHOE AIRPORT, CA US","2018-02-04",2.01,1255,56,24,180,30,6.9,11,12.39236195004
"518321","SOUTH LAKE TAHOE AIRPORT, CA US","2018-02-05",2.24,1233,57,23,30,30,8.9,13,17.15181060096
"518322","SOUTH LAKE TAHOE AIRPORT, CA US","2018-02-06",1.34,1234,54,23,30,30,10.1,13,3.67181094816
"518323","SOUTH LAKE TAHOE AIRPORT, CA US","2018-02-07",2.68,1439,55,22,30,30,10.1,15,29.37448758528
"518324","SOUTH LAKE TAHOE AIRPORT, CA US","2018-02-08",2.68,1312,57,23,30,20,8.9,14.1,29.37448758528
"518325","SOUTH LAKE TAHOE AIRPORT, CA US","2018-02-09",1.12,1402,58,24,20,20,10.1,12.1,2.14397632512
"518326","SOUTH LAKE TAHOE AIRPORT, CA US","2018-02-10",4.92,1422,48,22,30,30,19.9,29.1,181.74447850752
"518327","SOUTH LAKE TAHOE AIRPORT, CA US","2018-02-11",8.95,1213,49,15,190,190,33.1,49,1094.044590945
"518328","SOUTH LAKE TAHOE AIRPORT, CA US","2018-02-12",6.49,1145,31,22,30,80,17,25.1,417.15745355196
"518329","SOUTH LAKE TAHOE AIRPORT, CA US","2018-02-13",2.68,333,40,14,40,60,15,21.9,29.37448758528
"518330","SOUTH LAKE TAHOE AIRPORT, CA US","2018-02-14",7.61,1751,38,16,190,190,21,32,672.54273804924
"518331","SOUTH LAKE TAHOE AIRPORT, CA US","2018-02-15",2.68,1405,42,16,50,10,8.1,16.1,29.37448758528
"518332","SOUTH LAKE TAHOE AIRPORT, CA US","2018-02-16",2.01,1245,54,17,30,30,12.1,18.1,12.39236195004
"518333","SOUTH LAKE TAHOE AIRPORT, CA US","2018-02-17",5.59,1408,58,19,200,200,21,30,266.56390442916
"518334","SOUTH LAKE TAHOE AIRPORT, CA US","2018-02-18",15.43,853,42,18,200,190,38.9,55.9,5606.13685668228
"518335","SOUTH LAKE TAHOE AIRPORT, CA US","2018-02-19",3.58,1114,23,13,40,30,12.1,18.1,70.01885382048
"518336","SOUTH LAKE TAHOE AIRPORT, CA US","2018-02-20",4.7,1420,28,0,190,190,17,19.9,158.43805092
"518337","SOUTH LAKE TAHOE AIRPORT, CA US","2018-02-21",4.92,1427,33,6,180,30,14.1,18.1,181.74447850752
"518338","SOUTH LAKE TAHOE AIRPORT, CA US","2018-02-22",8.5,623,24,16,190,190,21.9,32,937.179315
"518339","SOUTH LAKE TAHOE AIRPORT, CA US","2018-02-23",4.47,923,26,2,90,120,13,18.1,136.29768728292
"518340","SOUTH LAKE TAHOE AIRPORT, CA US","2018-02-24",8.95,1020,30,-1,180,160,25.1,35.1,1094.044590945
"518341","SOUTH LAKE TAHOE AIRPORT, CA US","2018-02-25",6.71,2327,42,1,180,170,23.9,31.1,461.03455545444
"518342","SOUTH LAKE TAHOE AIRPORT, CA US","2018-02-26",9.4,32,29,20,190,190,25.1,38,1267.50440736
"518343","SOUTH LAKE TAHOE AIRPORT, CA US","2018-02-27",2.01,3,32,11,10,10,15,23,12.39236195004
"518344","SOUTH LAKE TAHOE AIRPORT, CA US","2018-02-28",8.5,2210,37,5,180,180,23.9,32,937.179315
"518345","SOUTH LAKE TAHOE AIRPORT, CA US","2018-03-01",16.33,2108,33,27,200,180,36,64,6645.45117518748
"518346","SOUTH LAKE TAHOE AIRPORT, CA US","2018-03-02",12.53,11,29,20,190,200,28,40,3002.05835755308
"518347","SOUTH LAKE TAHOE AIRPORT, CA US","2018-03-03",5.82,1227,28,13,180,190,17,21.9,300.83950906272
"518348","SOUTH LAKE TAHOE AIRPORT, CA US","2018-03-04",3.36,1457,33,3,30,30,10.1,15,57.88736077824
"518349","SOUTH LAKE TAHOE AIRPORT, CA US","2018-03-05",3.8,1129,40,-6,30,40,10.1,14.1,83.73686688
"518350","SOUTH LAKE TAHOE AIRPORT, CA US","2018-03-06",3.58,1322,45,3,40,30,10.1,12.1,70.01885382048
"518351","SOUTH LAKE TAHOE AIRPORT, CA US","2018-03-07",5.14,1359,50,18,190,190,18.1,25.9,207.23126321376
"518352","SOUTH LAKE TAHOE AIRPORT, CA US","2018-03-08",14.09,1140,50,36,190,190,28,42.1,4268.73206809116
"518353","SOUTH LAKE TAHOE AIRPORT, CA US","2018-03-09",8.5,1353,48,30,180,190,19.9,29.1,937.179315
"518354","SOUTH LAKE TAHOE AIRPORT, CA US","2018-03-10",1.12,1200,43,28,30,30,6.9,8.1,2.14397632512
"518355","SOUTH LAKE TAHOE AIRPORT, CA US","2018-03-11",1.57,1334,47,30,40,40,8.9,14.1,5.90561151372
"518356","SOUTH LAKE TAHOE AIRPORT, CA US","2018-03-12",3.8,2343,54,26,200,200,17,23.9,83.73686688
"518357","SOUTH LAKE TAHOE AIRPORT, CA US","2018-03-13",10.51,827,50,30,190,180,36,48.1,1771.63424085204
"518358","SOUTH LAKE TAHOE AIRPORT, CA US","2018-03-14",7.38,450,33,25,200,200,16.1,23,613.38761496288
"518359","SOUTH LAKE TAHOE AIRPORT, CA US","2018-03-15",11.18,1524,30,18,190,190,23,36.9,2132.51123543328
"518360","SOUTH LAKE TAHOE AIRPORT, CA US","2018-03-16",8.5,40,29,21,190,180,21.9,35.1,937.179315
"518361","SOUTH LAKE TAHOE AIRPORT, CA US","2018-03-17",6.93,343,30,9,190,200,18.1,29.1,507.88527448428
"518362","SOUTH LAKE TAHOE AIRPORT, CA US","2018-03-18",3.13,1200,39,-2,30,40,10.1,13,46.79494379388
"518363","SOUTH LAKE TAHOE AIRPORT, CA US","2018-03-19",2.24,1315,44,8,30,20,13,16.1,17.15181060096
"518364","SOUTH LAKE TAHOE AIRPORT, CA US","2018-03-20",2.24,912,42,21,210,200,16.1,21,17.15181060096
"518365","SOUTH LAKE TAHOE AIRPORT, CA US","2018-03-21",9.17,1444,47,34,190,190,21.9,32,1176.72213884652
"518366","SOUTH LAKE TAHOE AIRPORT, CA US","2018-03-22",7.38,1432,40,26,180,180,21,35.1,613.38761496288
"518367","SOUTH LAKE TAHOE AIRPORT, CA US","2018-03-23",12.3,2241,41,28,190,180,25.1,40.9,2839.75747668
"518368","SOUTH LAKE TAHOE AIRPORT, CA US","2018-03-24",12.53,226,35,21,180,170,29.1,46.1,3002.05835755308
"518369","SOUTH LAKE TAHOE AIRPORT, CA US","2018-03-25",5.82,934,35,14,200,180,15,21,300.83950906272
"518370","SOUTH LAKE TAHOE AIRPORT, CA US","2018-03-26",5.14,1229,39,16,30,40,16.1,23.9,207.23126321376
"518371","SOUTH LAKE TAHOE AIRPORT, CA US","2018-03-27",2.68,1337,50,25,30,20,14.1,18.1,29.37448758528
"518372","SOUTH LAKE TAHOE AIRPORT, CA US","2018-03-28",3.58,1251,56,24,30,30,12.1,16.1,70.01885382048
"518373","SOUTH LAKE TAHOE AIRPORT, CA US","2018-03-29",3.8,1227,57,26,20,30,13,16.1,83.73686688
"518374","SOUTH LAKE TAHOE AIRPORT, CA US","2018-03-30",3.13,1223,60,25,40,30,12.1,14.1,46.79494379388
"518375","SOUTH LAKE TAHOE AIRPORT, CA US","2018-03-31",3.58,1200,60,28,180,190,18.1,21.9,70.01885382048
"620256","SOUTH LAKE TAHOE AIRPORT, CA US","2018-04-01",5.37,1415,62,26,190,190,16.1,28,236.31363164412
"620257","SOUTH LAKE TAHOE AIRPORT, CA US","2018-04-02",4.92,1212,56,30,210,210,15,23.9,181.74447850752
"620258","SOUTH LAKE TAHOE AIRPORT, CA US","2018-04-03",4.03,1348,59,25,200,180,15,21.9,99.88058003508
"620259","SOUTH LAKE TAHOE AIRPORT, CA US","2018-04-04",3.58,1429,60,32,190,210,13,19,70.01885382048
"620260","SOUTH LAKE TAHOE AIRPORT, CA US","2018-04-05",6.93,1155,57,39,190,190,23,32,507.88527448428
"620261","SOUTH LAKE TAHOE AIRPORT, CA US","2018-04-06",7.61,1309,51,39,190,190,19.9,30,672.54273804924
"620262","SOUTH LAKE TAHOE AIRPORT, CA US","2018-04-07",13.65,856,52,35,190,200,23.9,34,3881.180774835
"620263","SOUTH LAKE TAHOE AIRPORT, CA US","2018-04-08",6.04,35,56,31,190,180,18.1,25.9,336.26118041856
"620264","SOUTH LAKE TAHOE AIRPORT, CA US","2018-04-09",3.13,1334,65,27,20,40,12.1,14.1,46.79494379388
"620265","SOUTH LAKE TAHOE AIRPORT, CA US","2018-04-10",12.75,1221,61,39,180,180,32,50.1,3162.980188125
"620266","SOUTH LAKE TAHOE AIRPORT, CA US","2018-04-11",15.21,954,53,27,190,190,32,48.1,5369.74372903644
"620267","SOUTH LAKE TAHOE AIRPORT, CA US","2018-04-12",4.03,1150,38,19,200,180,16.1,23.9,99.88058003508
"620268","SOUTH LAKE TAHOE AIRPORT, CA US","2018-04-13",2.91,1222,52,20,30,10,12.1,17,37.60493863284
"620269","SOUTH LAKE TAHOE AIRPORT, CA US","2018-04-14",6.71,1529,59,26,190,190,17,25.1,461.03455545444
"620270","SOUTH LAKE TAHOE AIRPORT, CA US","2018-04-15",14.09,1559,54,26,190,190,33.1,49,4268.73206809116
"620271","SOUTH LAKE TAHOE AIRPORT, CA US","2018-04-16",7.16,149,33,22,190,190,17,25.9,560.15083056384
"620272","SOUTH LAKE TAHOE AIRPORT, CA US","2018-04-17",3.58,1210,44,19,40,40,10.1,18.1,70.01885382048
"620273","SOUTH LAKE TAHOE AIRPORT, CA US","2018-04-18",6.71,1200,47,27,180,180,25.9,35.1,461.03455545444
"620274","SOUTH LAKE TAHOE AIRPORT, CA US","2018-04-19",4.47,1254,44,24,30,30,16.1,27.1,136.29768728292
"620275","SOUTH LAKE TAHOE AIRPORT, CA US","2018-04-20",4.25,1326,59,26,20,30,13,17,117.147414375
"620276","SOUTH LAKE TAHOE AIRPORT, CA US","2018-04-21",2.91,1201,67,28,30,30,10.1,16.1,37.60493863284
"620277","SOUTH LAKE TAHOE AIRPORT, CA US","2018-04-22",3.13,1332,67,30,190,190,19.9,25.1,46.79494379388
"620278","SOUTH LAKE TAHOE AIRPORT, CA US","2018-04-23",4.25,1252,64,29,30,30,12.1,19,117.147414375
"620279","SOUTH LAKE TAHOE AIRPORT, CA US","2018-04-24",2.91,1244,65,30,30,20,12.1,15,37.60493863284
"620280","SOUTH LAKE TAHOE AIRPORT, CA US","2018-04-25",3.13,1251,71,32,20,350,12.1,14.1,46.79494379388
"620281","SOUTH LAKE TAHOE AIRPORT, CA US","2018-04-26",2.24,1620,71,34,40,30,13,16.1,17.15181060096
"620282","SOUTH LAKE TAHOE AIRPORT, CA US","2018-04-27",10.51,1417,57,37,190,190,23.9,36,1771.63424085204
"620283","SOUTH LAKE TAHOE AIRPORT, CA US","2018-04-28",13.2,1539,51,35,190,180,23.9,36.9,3509.84316672
"620284","SOUTH LAKE TAHOE AIRPORT, CA US","2018-04-29",7.61,1452,44,29,190,190,21.9,28,672.54273804924
"620285","SOUTH LAKE TAHOE AIRPORT, CA US","2018-04-30",4.03,1157,49,24,40,40,13,16.1,99.88058003508
"620286","SOUTH LAKE TAHOE AIRPORT, CA US","2018-05-01",1.79,1157,54,33,30,40,13,16.1,8.75235672756
"620287","SOUTH LAKE TAHOE AIRPORT, CA US","2018-05-02",2.24,1039,58,29,30,40,14.1,19,17.15181060096
"620288","SOUTH LAKE TAHOE AIRPORT, CA US","2018-05-03",3.36,1344,65,30,20,20,13,17,57.88736077824
"620289","SOUTH LAKE TAHOE AIRPORT, CA US","2018-05-04",3.8,1646,70,33,210,210,12.1,18.1,83.73686688
"620290","SOUTH LAKE TAHOE AIRPORT, CA US","2018-05-05",2.68,1502,68,34,180,180,13,19.9,29.37448758528
"620291","SOUTH LAKE TAHOE AIRPORT, CA US","2018-05-06",6.71,1310,68,34,180,180,21,35.1,461.03455545444
"620292","SOUTH LAKE TAHOE AIRPORT, CA US","2018-05-07",3.8,1243,73,35,40,30,12.1,16.1,83.73686688
"620293","SOUTH LAKE TAHOE AIRPORT, CA US","2018-05-08",5.37,1418,76,35,190,180,21,29.1,236.31363164412
"620294","SOUTH LAKE TAHOE AIRPORT, CA US","2018-05-09",5.14,829,67,41,180,170,19.9,25.9,207.23126321376
"620295","SOUTH LAKE TAHOE AIRPORT, CA US","2018-05-10",3.36,1318,66,33,190,180,17,21,57.88736077824
"620296","SOUTH LAKE TAHOE AIRPORT, CA US","2018-05-11",6.04,947,54,31,50,30,18.1,25.9,336.26118041856
"620297","SOUTH LAKE TAHOE AIRPORT, CA US","2018-05-12",4.47,1028,52,31,30,30,16.1,21.9,136.29768728292
"620298","SOUTH LAKE TAHOE AIRPORT, CA US","2018-05-13",1.34,1500,58,37,180,20,8.1,12.1,3.67181094816
"620299","SOUTH LAKE TAHOE AIRPORT, CA US","2018-05-14",3.58,1439,61,37,30,30,15,19,70.01885382048
"620300","SOUTH LAKE TAHOE AIRPORT, CA US","2018-05-15",2.68,1645,61,38,30,30,16.1,21,29.37448758528
"620301","SOUTH LAKE TAHOE AIRPORT, CA US","2018-05-16",2.68,945,50,38,40,40,13,15,29.37448758528
"620302","SOUTH LAKE TAHOE AIRPORT, CA US","2018-05-17",2.91,1406,59,41,30,30,14.1,19,37.60493863284
"620303","SOUTH LAKE TAHOE AIRPORT, CA US","2018-05-18",3.36,1200,65,37,190,20,15,21,57.88736077824
"620304","SOUTH LAKE TAHOE AIRPORT, CA US","2018-05-19",4.92,1634,65,36,180,170,17,21.9,181.74447850752
"620305","SOUTH LAKE TAHOE AIRPORT, CA US","2018-05-20",3.8,1253,64,37,190,190,15,21.9,83.73686688
"620306","SOUTH LAKE TAHOE AIRPORT, CA US","2018-05-21",2.91,1709,60,44,30,30,23.9,30,37.60493863284
"620307","SOUTH LAKE TAHOE AIRPORT, CA US","2018-05-22",4.47,1617,65,41,20,20,14.1,17,136.29768728292
"620308","SOUTH LAKE TAHOE AIRPORT, CA US","2018-05-23",2.01,1307,63,41,190,190,17,21.9,12.39236195004
"620309","SOUTH LAKE TAHOE AIRPORT, CA US","2018-05-24",2.01,1712,64,36,40,120,10.1,14.1,12.39236195004
"620310","SOUTH LAKE TAHOE AIRPORT, CA US","2018-05-25",5.82,1135,50,35,190,180,17,21,300.83950906272
"620311","SOUTH LAKE TAHOE AIRPORT, CA US","2018-05-26",2.01,1422,51,32,40,40,10.1,13,12.39236195004
"620312","SOUTH LAKE TAHOE AIRPORT, CA US","2018-05-27",4.47,945,64,37,20,30,16.1,23,136.29768728292
"620313","SOUTH LAKE TAHOE AIRPORT, CA US","2018-05-28",3.8,1133,70,37,30,20,12.1,18.1,83.73686688
"620314","SOUTH LAKE TAHOE AIRPORT, CA US","2018-05-29",4.25,1437,75,38,190,250,16.1,19.9,117.147414375
"620315","SOUTH LAKE TAHOE AIRPORT, CA US","2018-05-30",7.83,934,70,42,190,180,25.1,33.1,732.57349830948
"620316","SOUTH LAKE TAHOE AIRPORT, CA US","2018-05-31",7.61,838,58,33,190,200,23,32,672.54273804924
"620317","SOUTH LAKE TAHOE AIRPORT, CA US","2018-06-01",3.36,1426,69,29,30,30,10.1,17,57.88736077824
"620318","SOUTH LAKE TAHOE AIRPORT, CA US","2018-06-02",4.03,1354,76,34,30,20,12.1,16.1,99.88058003508
"620319","SOUTH LAKE TAHOE AIRPORT, CA US","2018-06-03",4.7,1601,79,40,190,190,21,27.1,158.43805092
"620320","SOUTH LAKE TAHOE AIRPORT, CA US","2018-06-04",6.71,1439,76,40,190,190,21,31.1,461.03455545444
"620321","SOUTH LAKE TAHOE AIRPORT, CA US","2018-06-05",4.03,1542,72,36,180,200,17,21.9,99.88058003508
"620322","SOUTH LAKE TAHOE AIRPORT, CA US","2018-06-06",4.25,1330,70,36,190,210,17,23,117.147414375
"620323","SOUTH LAKE TAHOE AIRPORT, CA US","2018-06-07",3.8,1150,70,35,200,210,15,25.9,83.73686688
"620324","SOUTH LAKE TAHOE AIRPORT, CA US","2018-06-08",6.04,1625,73,32,190,190,21,27.1,336.26118041856
"620325","SOUTH LAKE TAHOE AIRPORT, CA US","2018-06-09",18.12,1039,61,39,190,180,36.9,59.9,9079.05187130112
"620326","SOUTH LAKE TAHOE AIRPORT, CA US","2018-06-10",3.8,1429,69,29,190,40,14.1,18.1,83.73686688
"620327","SOUTH LAKE TAHOE AIRPORT, CA US","2018-06-11",3.36,1353,76,33,30,30,12.1,15,57.88736077824
"620328","SOUTH LAKE TAHOE AIRPORT, CA US","2018-06-12",4.47,1617,81,38,190,190,17,21.9,136.29768728292
"620329","SOUTH LAKE TAHOE AIRPORT, CA US","2018-06-13",5.37,1246,80,40,180,200,18.1,29.1,236.31363164412
"620330","SOUTH LAKE TAHOE AIRPORT, CA US","2018-06-14",7.38,1637,79,40,190,190,21.9,31.1,613.38761496288
"620331","SOUTH LAKE TAHOE AIRPORT, CA US","2018-06-15",9.4,1611,73,44,200,220,21.9,35.1,1267.50440736
"620332","SOUTH LAKE TAHOE AIRPORT, CA US","2018-06-16",6.26,1525,70,38,200,190,19.9,31.1,374.35955035104
"620333","SOUTH LAKE TAHOE AIRPORT, CA US","2018-06-17",6.71,1046,59,39,190,200,18.1,25.1,461.03455545444
"620334","SOUTH LAKE TAHOE AIRPORT, CA US","2018-06-18",2.68,1412,67,34,30,30,13,19.9,29.37448758528
"620335","SOUTH LAKE TAHOE AIRPORT, CA US","2018-06-19",4.25,1336,74,36,40,30,13,17,117.147414375
"620336","SOUTH LAKE TAHOE AIRPORT, CA US","2018-06-20",6.71,1244,81,40,190,180,21,31.1,461.03455545444
"620337","SOUTH LAKE TAHOE AIRPORT, CA US","2018-06-21",3.58,908,79,40,180,190,17,28,70.01885382048
"620338","SOUTH LAKE TAHOE AIRPORT, CA US","2018-06-22",3.8,1417,83,34,30,30,13,15,83.73686688
"620339","SOUTH LAKE TAHOE AIRPORT, CA US","2018-06-23",4.47,1220,81,40,30,20,13,17,136.29768728292
"620340","SOUTH LAKE TAHOE AIRPORT, CA US","2018-06-24",4.47,1738,83,42,190,190,14.1,16.1,136.29768728292
"620341","SOUTH LAKE TAHOE AIRPORT, CA US","2018-06-25",6.49,1422,84,41,190,200,17,23.9,417.15745355196
"620342","SOUTH LAKE TAHOE AIRPORT, CA US","2018-06-26",5.82,1334,85,43,200,180,18.1,36.9,300.83950906272
"620343","SOUTH LAKE TAHOE AIRPORT, CA US","2018-06-27",6.49,1123,82,39,190,190,21.9,31.1,417.15745355196
"620344","SOUTH LAKE TAHOE AIRPORT, CA US","2018-06-28",6.26,933,74,42,190,190,23,31.1,374.35955035104
"620345","SOUTH LAKE TAHOE AIRPORT, CA US","2018-06-29",4.25,1140,76,38,30,20,13,18.1,117.147414375
"620346","SOUTH LAKE TAHOE AIRPORT, CA US","2018-06-30",4.25,721,78,43,70,70,16.1,23,117.147414375
"719186","SOUTH LAKE TAHOE AIRPORT, CA US","2018-07-01",4.03,1040,84,39,30,30,13,16.1,99.88058003508
"719187","SOUTH LAKE TAHOE AIRPORT, CA US","2018-07-02",4.03,1137,83,43,200,200,19.9,33.1,99.88058003508
"719188","SOUTH LAKE TAHOE AIRPORT, CA US","2018-07-03",4.92,1257,80,40,190,190,19.9,27.1,181.74447850752
"719189","SOUTH LAKE TAHOE AIRPORT, CA US","2018-07-04",8.05,1425,80,39,180,180,23,31.1,796.074217155
"719190","SOUTH LAKE TAHOE AIRPORT, CA US","2018-07-05",7.38,836,78,43,180,190,21,27.1,613.38761496288
"719191","SOUTH LAKE TAHOE AIRPORT, CA US","2018-07-06",4.92,1031,80,52,190,180,19.9,30,181.74447850752
"719192","SOUTH LAKE TAHOE AIRPORT, CA US","2018-07-07",5.82,1152,84,47,190,180,18.1,29.1,300.83950906272
"719193","SOUTH LAKE TAHOE AIRPORT, CA US","2018-07-08",5.59,1431,84,46,200,200,17,27.1,266.56390442916
"719194","SOUTH LAKE TAHOE AIRPORT, CA US","2018-07-09",6.26,1223,84,47,180,180,17,23.9,374.35955035104
"719195","SOUTH LAKE TAHOE AIRPORT, CA US","2018-07-10",4.25,1255,83,42,180,190,14.1,19.9,117.147414375
"719196","SOUTH LAKE TAHOE AIRPORT, CA US","2018-07-11",3.36,1529,84,43,30,30,14.1,17,57.88736077824
"719197","SOUTH LAKE TAHOE AIRPORT, CA US","2018-07-12",4.25,1630,86,48,180,190,18.1,23,117.147414375
"719198","SOUTH LAKE TAHOE AIRPORT, CA US","2018-07-13",1.57,1406,79,54,190,40,12.1,15,5.90561151372
"719199","SOUTH LAKE TAHOE AIRPORT, CA US","2018-07-14",2.46,1716,87,51,130,140,23.9,35.1,22.71805981344
"719200","SOUTH LAKE TAHOE AIRPORT, CA US","2018-07-15",2.24,1512,84,56,30,210,13,18.1,17.15181060096
"719201","SOUTH LAKE TAHOE AIRPORT, CA US","2018-07-16",2.91,1324,85,49,210,30,12.1,17,37.60493863284
"719202","SOUTH LAKE TAHOE AIRPORT, CA US","2018-07-17",4.92,1619,87,48,190,190,14.1,19,181.74447850752
"719203","SOUTH LAKE TAHOE AIRPORT, CA US","2018-07-18",3.58,1545,87,40,190,190,14.1,17,70.01885382048
"719204","SOUTH LAKE TAHOE AIRPORT, CA US","2018-07-19",3.8,1747,87,42,190,190,14.1,17,83.73686688
"719205","SOUTH LAKE TAHOE AIRPORT, CA US","2018-07-20",4.47,1436,85,50,170,170,21.9,33.1,136.29768728292
"719206","SOUTH LAKE TAHOE AIRPORT, CA US","2018-07-21",2.68,1541,82,51,90,90,16.1,25.1,29.37448758528
"719207","SOUTH LAKE TAHOE AIRPORT, CA US","2018-07-22",3.13,1632,82,52,190,190,17,23.9,46.79494379388
"719208","SOUTH LAKE TAHOE AIRPORT, CA US","2018-07-23",3.13,1944,83,47,210,220,15,21,46.79494379388
"719209","SOUTH LAKE TAHOE AIRPORT, CA US","2018-07-24",3.13,1516,86,48,210,210,13,19,46.79494379388
"719210","SOUTH LAKE TAHOE AIRPORT, CA US","2018-07-25",3.36,1409,87,44,30,30,13,17,57.88736077824
"719211","SOUTH LAKE TAHOE AIRPORT, CA US","2018-07-26",2.46,1529,89,49,30,30,13,15,22.71805981344
"719212","SOUTH LAKE TAHOE AIRPORT, CA US","2018-07-27",3.8,1334,88,46,200,180,13,21,83.73686688
"719213","SOUTH LAKE TAHOE AIRPORT, CA US","2018-07-28",3.8,1458,87,42,190,190,14.1,19,83.73686688
"719214","SOUTH LAKE TAHOE AIRPORT, CA US","2018-07-29",4.47,1640,86,44,180,210,15,19,136.29768728292
"719215","SOUTH LAKE TAHOE AIRPORT, CA US","2018-07-30",3.13,1539,86,48,200,190,10.1,15,46.79494379388
"719216","SOUTH LAKE TAHOE AIRPORT, CA US","2018-07-31",2.91,1434,87,57,190,190,16.1,21.9,37.60493863284
"719217","SOUTH LAKE TAHOE AIRPORT, CA US","2018-08-01",6.26,1433,86,50,180,180,18.1,23,374.35955035104
"719218","SOUTH LAKE TAHOE AIRPORT, CA US","2018-08-02",5.37,1326,85,45,190,190,18.1,25.1,236.31363164412
"719219","SOUTH LAKE TAHOE AIRPORT, CA US","2018-08-03",6.49,1251,83,40,190,180,21,27.1,417.15745355196
"719220","SOUTH LAKE TAHOE AIRPORT, CA US","2018-08-04",7.83,1135,78,42,200,190,21.9,34,732.57349830948
"719221","SOUTH LAKE TAHOE AIRPORT, CA US","2018-08-05",4.47,1328,79,34,190,190,16.1,23.9,136.29768728292
"719222","SOUTH LAKE TAHOE AIRPORT, CA US","2018-08-06",2.46,1115,81,38,40,20,10.1,15,22.71805981344
"719223","SOUTH LAKE TAHOE AIRPORT, CA US","2018-08-07",3.8,1053,86,40,20,30,10.1,16.1,83.73686688
"719224","SOUTH LAKE TAHOE AIRPORT, CA US","2018-08-08",4.25,1358,86,44,30,30,12.1,16.1,117.147414375
"719225","SOUTH LAKE TAHOE AIRPORT, CA US","2018-08-09",4.7,1427,90,43,180,180,15,23,158.43805092
"719226","SOUTH LAKE TAHOE AIRPORT, CA US","2018-08-10",3.58,1449,88,44,30,30,16.1,19,70.01885382048
"719227","SOUTH LAKE TAHOE AIRPORT, CA US","2018-08-11",3.58,1450,86,46,40,30,21,23,70.01885382048
"719228","SOUTH LAKE TAHOE AIRPORT, CA US","2018-08-12",4.7,1455,85,46,180,200,13,21,158.43805092
"719229","SOUTH LAKE TAHOE AIRPORT, CA US","2018-08-13",3.58,1648,84,44,180,180,15,19,70.01885382048
"719230","SOUTH LAKE TAHOE AIRPORT, CA US","2018-08-14",3.58,1612,81,46,190,160,18.1,23.9,70.01885382048
"719231","SOUTH LAKE TAHOE AIRPORT, CA US","2018-08-15",2.91,1554,83,47,190,200,15,25.1,37.60493863284
"719232","SOUTH LAKE TAHOE AIRPORT, CA US","2018-08-16",4.25,1340,83,45,190,190,14.1,21.9,117.147414375
"719233","SOUTH LAKE TAHOE AIRPORT, CA US","2018-08-17",4.03,1521,82,43,190,210,18.1,28,99.88058003508
"719234","SOUTH LAKE TAHOE AIRPORT, CA US","2018-08-18",4.03,1516,84,40,190,200,15,21,99.88058003508
"719235","SOUTH LAKE TAHOE AIRPORT, CA US","2018-08-19",5.59,1251,87,43,190,200,17,27.1,266.56390442916
"719236","SOUTH LAKE TAHOE AIRPORT, CA US","2018-08-20",2.91,1310,82,43,190,190,19.9,30,37.60493863284
"719237","SOUTH LAKE TAHOE AIRPORT, CA US","2018-08-21",4.03,1247,80,41,200,190,17,23,99.88058003508
"719238","SOUTH LAKE TAHOE AIRPORT, CA US","2018-08-22",4.25,1537,79,34,190,180,17,23.9,117.147414375
"719239","SOUTH LAKE TAHOE AIRPORT, CA US","2018-08-23",4.92,1457,80,35,190,190,21.9,29.1,181.74447850752
"719240","SOUTH LAKE TAHOE AIRPORT, CA US","2018-08-24",6.04,1420,77,35,190,190,21,29.1,336.26118041856
"719241","SOUTH LAKE TAHOE AIRPORT, CA US","2018-08-25",6.04,1311,77,31,190,190,18.1,30,336.26118041856
"719242","SOUTH LAKE TAHOE AIRPORT, CA US","2018-08-26",8.72,1528,76,33,190,200,21.9,29.1,1011.84822024192
"719243","SOUTH LAKE TAHOE AIRPORT, CA US","2018-08-27",4.7,1151,75,40,200,190,17,28,158.43805092
"719244","SOUTH LAKE TAHOE AIRPORT, CA US","2018-08-28",3.36,1324,76,40,30,30,13,18.1,57.88736077824
"719245","SOUTH LAKE TAHOE AIRPORT, CA US","2018-08-29",5.82,2324,77,42,180,170,18.1,23.9,300.83950906272
"719246","SOUTH LAKE TAHOE AIRPORT, CA US","2018-08-30",6.04,1056,75,38,190,200,18.1,25.1,336.26118041856
"719247","SOUTH LAKE TAHOE AIRPORT, CA US","2018-08-31",3.8,1500,74,31,30,30,15,19,83.73686688
"719248","SOUTH LAKE TAHOE AIRPORT, CA US","2018-09-01",3.13,1147,77,38,30,30,13,19,46.79494379388
"719249","SOUTH LAKE TAHOE AIRPORT, CA US","2018-09-02",2.91,1458,81,36,30,30,12.1,17,37.60493863284
"719250","SOUTH LAKE TAHOE AIRPORT, CA US","2018-09-03",3.8,1245,83,37,30,20,13,17,83.73686688
"719251","SOUTH LAKE TAHOE AIRPORT, CA US","2018-09-04",4.03,1634,82,38,190,190,18.1,21.9,99.88058003508
"719252","SOUTH LAKE TAHOE AIRPORT, CA US","2018-09-05",4.03,1556,80,40,190,190,14.1,19,99.88058003508
"719253","SOUTH LAKE TAHOE AIRPORT, CA US","2018-09-06",4.03,1226,79,41,190,210,17,23,99.88058003508
"719254","SOUTH LAKE TAHOE AIRPORT, CA US","2018-09-07",5.59,1520,82,37,190,180,19.9,27.1,266.56390442916
"719255","SOUTH LAKE TAHOE AIRPORT, CA US","2018-09-08",3.8,1048,79,41,190,190,21,31.1,83.73686688
"719256","SOUTH LAKE TAHOE AIRPORT, CA US","2018-09-09",4.7,1550,81,32,180,180,17,21,158.43805092
"719257","SOUTH LAKE TAHOE AIRPORT, CA US","2018-09-10",5.59,1149,80,31,190,190,18.1,23.9,266.56390442916
"719258","SOUTH LAKE TAHOE AIRPORT, CA US","2018-09-11",6.93,1004,75,35,190,210,21.9,34,507.88527448428
"719259","SOUTH LAKE TAHOE AIRPORT, CA US","2018-09-12",14.99,1154,65,50,200,190,29.1,44.1,5140.09109565396
"719260","SOUTH LAKE TAHOE AIRPORT, CA US","2018-09-13",7.38,1144,65,37,180,190,23.9,33.1,613.38761496288
"719261","SOUTH LAKE TAHOE AIRPORT, CA US","2018-09-14",5.59,1118,70,37,180,190,23,33.1,266.56390442916
"719262","SOUTH LAKE TAHOE AIRPORT, CA US","2018-09-15",6.71,1202,65,34,190,180,28,40,461.03455545444
"719263","SOUTH LAKE TAHOE AIRPORT, CA US","2018-09-16",4.03,1357,71,29,190,200,18.1,25.9,99.88058003508
"719264","SOUTH LAKE TAHOE AIRPORT, CA US","2018-09-17",4.92,1427,72,29,190,180,18.1,23.9,181.74447850752
"719265","SOUTH LAKE TAHOE AIRPORT, CA US","2018-09-18",4.03,1004,71,29,200,190,17,23,99.88058003508
"719266","SOUTH LAKE TAHOE AIRPORT, CA US","2018-09-19",3.13,1129,70,27,190,170,17,30,46.79494379388
"719267","SOUTH LAKE TAHOE AIRPORT, CA US","2018-09-20",2.68,1039,73,29,30,30,8.9,14.1,29.37448758528
"719270","SOUTH LAKE TAHOE AIRPORT, CA US","2018-09-23",6.93,1219,71,38,180,190,21,31.1,507.88527448428
"719271","SOUTH LAKE TAHOE AIRPORT, CA US","2018-09-24",4.03,1205,73,29,30,20,12.1,16.1,99.88058003508
"719272","SOUTH LAKE TAHOE AIRPORT, CA US","2018-09-25",3.36,1302,73,29,20,40,12.1,17,57.88736077824
"719273","SOUTH LAKE TAHOE AIRPORT, CA US","2018-09-26",3.13,1012,81,30,30,40,8.9,14.1,46.79494379388
"719274","SOUTH LAKE TAHOE AIRPORT, CA US","2018-09-27",2.91,1133,80,32,30,30,12.1,14.1,37.60493863284
"719275","SOUTH LAKE TAHOE AIRPORT, CA US","2018-09-28",4.7,1316,79,33,200,180,13,21.9,158.43805092
"719276","SOUTH LAKE TAHOE AIRPORT, CA US","2018-09-29",13.2,1217,67,39,190,190,25.9,42.1,3509.84316672
"719277","SOUTH LAKE TAHOE AIRPORT, CA US","2018-09-30",8.05,1036,67,47,190,200,18.1,27.1,796.074217155
"817535","SOUTH LAKE TAHOE AIRPORT, CA US","2018-10-01",6.26,1026,71,42,190,180,17,29.1,374.35955035104
"817536","SOUTH LAKE TAHOE AIRPORT, CA US","2018-10-02",2.91,1455,69,45,190,200,21,30,37.60493863284
"817537","SOUTH LAKE TAHOE AIRPORT, CA US","2018-10-03",0.89,1425,58,44,140,190,10.1,16.1,1.07581089276
"817538","SOUTH LAKE TAHOE AIRPORT, CA US","2018-10-04",4.92,1531,53,41,200,190,21,28,181.74447850752
"817539","SOUTH LAKE TAHOE AIRPORT, CA US","2018-10-05",6.71,1204,60,31,180,200,19.9,23.9,461.03455545444
"817540","SOUTH LAKE TAHOE AIRPORT, CA US","2018-10-06",5.82,1248,54,36,30,20,16.1,28,300.83950906272
"817541","SOUTH LAKE TAHOE AIRPORT, CA US","2018-10-07",4.92,824,52,34,70,60,17,23,181.74447850752
"817542","SOUTH LAKE TAHOE AIRPORT, CA US","2018-10-08",2.46,1236,60,28,20,30,15,18.1,22.71805981344
"817543","SOUTH LAKE TAHOE AIRPORT, CA US","2018-10-09",3.8,1333,66,30,190,190,17,25.9,83.73686688
"817544","SOUTH LAKE TAHOE AIRPORT, CA US","2018-10-10",2.91,1653,58,28,190,190,14.1,17,37.60493863284
"817545","SOUTH LAKE TAHOE AIRPORT, CA US","2018-10-11",3.58,1529,53,34,60,50,15,21,70.01885382048
"817546","SOUTH LAKE TAHOE AIRPORT, CA US","2018-10-12",3.13,1737,60,27,70,80,8.9,16.1,46.79494379388
"817547","SOUTH LAKE TAHOE AIRPORT, CA US","2018-10-13",3.58,1338,64,27,20,30,17,21.9,70.01885382048
"817548","SOUTH LAKE TAHOE AIRPORT, CA US","2018-10-14",6.71,2321,52,25,70,140,19.9,28,461.03455545444
"817549","SOUTH LAKE TAHOE AIRPORT, CA US","2018-10-15",3.8,310,60,22,40,30,19.9,28,83.73686688
"817550","SOUTH LAKE TAHOE AIRPORT, CA US","2018-10-16",3.8,1244,61,23,50,60,14.1,19.9,83.73686688
"817551","SOUTH LAKE TAHOE AIRPORT, CA US","2018-10-17",2.68,1312,62,24,30,30,8.9,15,29.37448758528
"817552","SOUTH LAKE TAHOE AIRPORT, CA US","2018-10-18",3.36,1427,64,25,30,30,8.9,14.1,57.88736077824
"817553","SOUTH LAKE TAHOE AIRPORT, CA US","2018-10-19",5.14,1518,66,25,40,80,17,23,207.23126321376
"817554","SOUTH LAKE TAHOE AIRPORT, CA US","2018-10-20",2.91,1410,66,27,210,20,8.9,16.1,37.60493863284
"817555","SOUTH LAKE TAHOE AIRPORT, CA US","2018-10-21",2.91,1455,64,26,30,20,10.1,15,37.60493863284
"817556","SOUTH LAKE TAHOE AIRPORT, CA US","2018-10-22",2.24,1119,62,26,20,30,10.1,15,17.15181060096
"817557","SOUTH LAKE TAHOE AIRPORT, CA US","2018-10-23",3.8,1214,60,26,190,190,16.1,19,83.73686688
"817558","SOUTH LAKE TAHOE AIRPORT, CA US","2018-10-24",3.8,1424,64,25,190,180,17,23.9,83.73686688
"817559","SOUTH LAKE TAHOE AIRPORT, CA US","2018-10-25",2.01,1237,64,27,40,10,8.9,14.1,12.39236195004
"817560","SOUTH LAKE TAHOE AIRPORT, CA US","2018-10-26",2.46,1237,69,28,50,30,8.9,13,22.71805981344
"817561","SOUTH LAKE TAHOE AIRPORT, CA US","2018-10-27",4.92,955,70,29,180,190,17,21.9,181.74447850752
"817562","SOUTH LAKE TAHOE AIRPORT, CA US","2018-10-28",9.84,1052,62,47,190,200,21.9,33.1,1453.95582806016
"817563","SOUTH LAKE TAHOE AIRPORT, CA US","2018-10-29",7.83,33,59,28,180,170,23.9,28,732.57349830948
"817564","SOUTH LAKE TAHOE AIRPORT, CA US","2018-10-30",3.58,953,52,24,20,60,10.1,15,70.01885382048
"817565","SOUTH LAKE TAHOE AIRPORT, CA US","2018-10-31",2.91,1421,58,21,30,40,8.1,13,37.60493863284
"817566","SOUTH LAKE TAHOE AIRPORT, CA US","2018-11-01",2.68,1152,64,28,40,30,8.9,14.1,29.37448758528
"817567","SOUTH LAKE TAHOE AIRPORT, CA US","2018-11-02",2.46,1237,69,26,20,20,8.9,16.1,22.71805981344
"817568","SOUTH LAKE TAHOE AIRPORT, CA US","2018-11-03",2.68,1341,63,27,30,40,13,19,29.37448758528
"817569","SOUTH LAKE TAHOE AIRPORT, CA US","2018-11-04",3.8,1518,68,29,200,200,15,21,83.73686688
"817570","SOUTH LAKE TAHOE AIRPORT, CA US","2018-11-05",2.01,1110,65,27,40,40,8.9,12.1,12.39236195004
"817571","SOUTH LAKE TAHOE AIRPORT, CA US","2018-11-06",2.68,1318,61,20,30,30,8.9,13,29.37448758528
"817572","SOUTH LAKE TAHOE AIRPORT, CA US","2018-11-07",3.58,1050,60,25,190,190,17,21.9,70.01885382048
"817573","SOUTH LAKE TAHOE AIRPORT, CA US","2018-11-08",7.83,1330,44,18,60,60,25.9,36.9,732.57349830948
"817574","SOUTH LAKE TAHOE AIRPORT, CA US","2018-11-09",2.46,1237,56,11,20,20,8.9,13,22.71805981344
"817575","SOUTH LAKE TAHOE AIRPORT, CA US","2018-11-10",2.91,2238,59,15,60,60,12.1,18.1,37.60493863284
"817576","SOUTH LAKE TAHOE AIRPORT, CA US","2018-11-11",3.13,58,52,15,80,110,13,19.9,46.79494379388
"817577","SOUTH LAKE TAHOE AIRPORT, CA US","2018-11-12",2.24,1243,54,12,30,20,8.9,13,17.15181060096
"817578","SOUTH LAKE TAHOE AIRPORT, CA US","2018-11-13",2.01,1111,54,17,50,30,6.9,10.1,12.39236195004
"817579","SOUTH LAKE TAHOE AIRPORT, CA US","2018-11-14",2.68,1330,57,18,30,30,8.1,11,29.37448758528
"817580","SOUTH LAKE TAHOE AIRPORT, CA US","2018-11-15",2.91,1051,59,17,40,30,8.1,12.1,37.60493863284
"817581","SOUTH LAKE TAHOE AIRPORT, CA US","2018-11-16",2.91,1121,58,18,40,20,8.1,12.1,37.60493863284
"817582","SOUTH LAKE TAHOE AIRPORT, CA US","2018-11-17",2.24,1310,58,18,20,20,8.1,14.1,17.15181060096
"817583","SOUTH LAKE TAHOE AIRPORT, CA US","2018-11-18",2.01,1150,55,15,30,30,8.1,11,12.39236195004
"817584","SOUTH LAKE TAHOE AIRPORT, CA US","2018-11-19",2.68,1223,52,12,20,30,6.9,8.9,29.37448758528
"817585","SOUTH LAKE TAHOE AIRPORT, CA US","2018-11-20",2.01,1353,56,15,30,20,6.9,10.1,12.39236195004
"817586","SOUTH LAKE TAHOE AIRPORT, CA US","2018-11-21",9.4,1328,49,26,190,150,30,38.9,1267.50440736
"817587","SOUTH LAKE TAHOE AIRPORT, CA US","2018-11-22",10.07,1529,36,32,190,180,25.1,36.9,1558.31169131172
"817588","SOUTH LAKE TAHOE AIRPORT, CA US","2018-11-23",8.28,1328,42,34,190,180,19.9,25.1,866.27728689408
"817589","SOUTH LAKE TAHOE AIRPORT, CA US","2018-11-24",5.59,341,50,28,190,190,16.1,21.9,266.56390442916
"817590","SOUTH LAKE TAHOE AIRPORT, CA US","2018-11-25",1.57,1105,50,27,30,20,8.9,12.1,5.90561151372
"817591","SOUTH LAKE TAHOE AIRPORT, CA US","2018-11-26",1.79,2006,48,24,20,190,6.9,8.1,8.75235672756
"817592","SOUTH LAKE TAHOE AIRPORT, CA US","2018-11-27",10.29,1006,50,31,190,190,31.1,47,1662.69289750956
"817593","SOUTH LAKE TAHOE AIRPORT, CA US","2018-11-28",4.92,216,43,31,200,210,18.1,27.1,181.74447850752
"817594","SOUTH LAKE TAHOE AIRPORT, CA US","2018-11-29",6.49,1126,38,29,200,200,21,30,417.15745355196
"817595","SOUTH LAKE TAHOE AIRPORT, CA US","2018-11-30",3.8,1223,35,20,190,200,10.1,16.1,83.73686688
"817596","SOUTH LAKE TAHOE AIRPORT, CA US","2018-12-01",5.82,1105,31,17,200,190,18.1,30,300.83950906272
"817597","SOUTH LAKE TAHOE AIRPORT, CA US","2018-12-02",2.46,1409,33,5,210,190,6.9,13,22.71805981344
"817598","SOUTH LAKE TAHOE AIRPORT, CA US","2018-12-03",1.34,830,34,-2,190,190,6,6,3.67181094816
"817599","SOUTH LAKE TAHOE AIRPORT, CA US","2018-12-04",1.12,604,33,26,190,150,6.9,8.9,2.14397632512
"817600","SOUTH LAKE TAHOE AIRPORT, CA US","2018-12-05",1.34,118,35,25,190,200,8.9,14.1,3.67181094816
"817601","SOUTH LAKE TAHOE AIRPORT, CA US","2018-12-06",3.58,2325,34,24,190,190,8.9,10.1,70.01885382048
"817602","SOUTH LAKE TAHOE AIRPORT, CA US","2018-12-07",2.24,417,42,18,170,160,8.9,12.1,17.15181060096
"817603","SOUTH LAKE TAHOE AIRPORT, CA US","2018-12-08",2.01,1415,45,9,30,30,6.9,8.1,12.39236195004
"817604","SOUTH LAKE TAHOE AIRPORT, CA US","2018-12-09",2.01,1234,46,11,40,30,10.1,12.1,12.39236195004
"817605","SOUTH LAKE TAHOE AIRPORT, CA US","2018-12-10",1.57,1357,48,19,30,30,10.1,14.1,5.90561151372
"817606","SOUTH LAKE TAHOE AIRPORT, CA US","2018-12-11",3.58,2255,43,11,200,200,15,19,70.01885382048
"817607","SOUTH LAKE TAHOE AIRPORT, CA US","2018-12-12",2.91,124,47,23,190,180,21,27.1,37.60493863284
"817608","SOUTH LAKE TAHOE AIRPORT, CA US","2018-12-13",3.13,1343,47,18,30,30,8.9,10.1,46.79494379388
"817609","SOUTH LAKE TAHOE AIRPORT, CA US","2018-12-14",12.3,1214,50,21,200,200,35.1,49,2839.75747668
"817610","SOUTH LAKE TAHOE AIRPORT, CA US","2018-12-15",5.82,139,50,27,200,190,19.9,28,300.83950906272
"817611","SOUTH LAKE TAHOE AIRPORT, CA US","2018-12-16",12.3,1757,50,34,190,180,29.1,46.1,2839.75747668
"817612","SOUTH LAKE TAHOE AIRPORT, CA US","2018-12-17",5.59,1021,41,32,190,200,18.1,23.9,266.56390442916
"817613","SOUTH LAKE TAHOE AIRPORT, CA US","2018-12-18",6.04,1422,47,27,200,190,17,25.1,336.26118041856
"817614","SOUTH LAKE TAHOE AIRPORT, CA US","2018-12-19",1.79,1227,48,23,40,40,8.1,8.9,8.75235672756
"817615","SOUTH LAKE TAHOE AIRPORT, CA US","2018-12-20",8.5,2246,57,21,190,230,23,36.9,937.179315
"817616","SOUTH LAKE TAHOE AIRPORT, CA US","2018-12-21",5.14,1031,43,26,190,190,16.1,23.9,207.23126321376
"817617","SOUTH LAKE TAHOE AIRPORT, CA US","2018-12-22",1.12,1314,41,20,30,30,8.1,8.9,2.14397632512
"817618","SOUTH LAKE TAHOE AIRPORT, CA US","2018-12-23",6.71,1117,42,30,190,190,19.9,25.1,461.03455545444
"817619","SOUTH LAKE TAHOE AIRPORT, CA US","2018-12-24",8.72,1420,42,28,190,180,19.9,31.1,1011.84822024192
"817620","SOUTH LAKE TAHOE AIRPORT, CA US","2018-12-25",2.01,1339,35,21,30,10,13,17,12.39236195004
"817621","SOUTH LAKE TAHOE AIRPORT, CA US","2018-12-26",1.79,418,40,17,190,180,8.1,8.9,8.75235672756
"817622","SOUTH LAKE TAHOE AIRPORT, CA US","2018-12-27",10.51,1542,29,21,30,40,19.9,30,1771.63424085204
"817623","SOUTH LAKE TAHOE AIRPORT, CA US","2018-12-28",5.14,0,30,16,20,360,17,23.9,207.23126321376
"817624","SOUTH LAKE TAHOE AIRPORT, CA US","2018-12-29",2.68,1337,45,13,30,30,10.1,12.1,29.37448758528
"817625","SOUTH LAKE TAHOE AIRPORT, CA US","2018-12-30",2.68,1443,51,23,190,200,14.1,17,29.37448758528
"817626","SOUTH LAKE TAHOE AIRPORT, CA US","2018-12-31",7.16,1251,31,17,30,20,21,38.9,560.15083056384
"916744","SOUTH LAKE TAHOE AIRPORT, CA US","2019-01-01",2.68,857,34,11,50,210,12.1,17,29.37448758528
"916745","SOUTH LAKE TAHOE AIRPORT, CA US","2019-01-02",2.24,1325,45,14,40,30,8.9,13,17.15181060096
"916746","SOUTH LAKE TAHOE AIRPORT, CA US","2019-01-03",1.57,1217,48,18,40,30,8.1,8.9,5.90561151372
"916747","SOUTH LAKE TAHOE AIRPORT, CA US","2019-01-04",3.36,1523,51,20,180,190,21,27.1,57.88736077824
"916748","SOUTH LAKE TAHOE AIRPORT, CA US","2019-01-05",13.87,1252,45,27,200,190,33.1,49,4071.88309288212
"916749","SOUTH LAKE TAHOE AIRPORT, CA US","2019-01-06",14.99,2113,38,25,200,200,38.9,68,5140.09109565396
"916750","SOUTH LAKE TAHOE AIRPORT, CA US","2019-01-07",8.28,144,40,32,190,180,36.9,57.9,866.27728689408
"916751","SOUTH LAKE TAHOE AIRPORT, CA US","2019-01-08",5.82,2359,46,31,200,200,25.1,36,300.83950906272
"916752","SOUTH LAKE TAHOE AIRPORT, CA US","2019-01-09",8.95,0,43,34,190,200,25.9,38.9,1094.044590945
"916753","SOUTH LAKE TAHOE AIRPORT, CA US","2019-01-10",1.79,4,44,22,30,200,10.1,15,8.75235672756
"916754","SOUTH LAKE TAHOE AIRPORT, CA US","2019-01-11",1.57,1510,41,19,30,30,6,6.9,5.90561151372
"916755","SOUTH LAKE TAHOE AIRPORT, CA US","2019-01-12",1.12,1351,43,19,30,30,8.9,12.1,2.14397632512
"916756","SOUTH LAKE TAHOE AIRPORT, CA US","2019-01-13",2.01,1313,42,14,30,40,8.9,12.1,12.39236195004
"916757","SOUTH LAKE TAHOE AIRPORT, CA US","2019-01-14",1.12,505,35,16,30,250,8.9,11,2.14397632512
"916758","SOUTH LAKE TAHOE AIRPORT, CA US","2019-01-15",2.91,2123,36,21,180,180,28,38.9,37.60493863284
"916759","SOUTH LAKE TAHOE AIRPORT, CA US","2019-01-16",14.99,1951,40,33,190,210,29.1,40,5140.09109565396
"916760","SOUTH LAKE TAHOE AIRPORT, CA US","2019-01-17",15.21,303,38,31,190,190,35.1,49,5369.74372903644
"916761","SOUTH LAKE TAHOE AIRPORT, CA US","2019-01-18",5.59,32,40,30,180,190,21.9,28,266.56390442916
"916762","SOUTH LAKE TAHOE AIRPORT, CA US","2019-01-19",6.04,1437,47,29,190,180,16.1,23,336.26118041856
"916763","SOUTH LAKE TAHOE AIRPORT, CA US","2019-01-20",12.3,1440,45,25,190,180,28,44.1,2839.75747668
"916764","SOUTH LAKE TAHOE AIRPORT, CA US","2019-01-21",3.8,411,35,14,190,220,14.1,18.1,83.73686688
"916765","SOUTH LAKE TAHOE AIRPORT, CA US","2019-01-22",2.24,203,38,7,190,120,8.9,13,17.15181060096
"916766","SOUTH LAKE TAHOE AIRPORT, CA US","2019-01-23",1.79,1523,50,10,20,20,6.9,11,8.75235672756
"916767","SOUTH LAKE TAHOE AIRPORT, CA US","2019-01-24",2.46,1354,46,16,30,30,12.1,14.1,22.71805981344
"916768","SOUTH LAKE TAHOE AIRPORT, CA US","2019-01-25",2.68,2038,46,12,160,160,14.1,17,29.37448758528
"916769","SOUTH LAKE TAHOE AIRPORT, CA US","2019-01-26",2.01,320,48,19,190,160,10.1,12.1,12.39236195004
"916770","SOUTH LAKE TAHOE AIRPORT, CA US","2019-01-27",2.01,1302,54,22,30,30,10.1,13,12.39236195004
"916771","SOUTH LAKE TAHOE AIRPORT, CA US","2019-01-28",1.57,1523,45,21,40,40,8.1,10.1,5.90561151372
"916772","SOUTH LAKE TAHOE AIRPORT, CA US","2019-01-29",2.01,1132,50,26,40,40,8.9,13,12.39236195004
"916773","SOUTH LAKE TAHOE AIRPORT, CA US","2019-01-30",2.46,1116,47,23,30,30,10.1,12.1,22.71805981344
"916774","SOUTH LAKE TAHOE AIRPORT, CA US","2019-01-31",2.24,1245,49,23,40,20,8.9,14.1,17.15181060096
"916775","SOUTH LAKE TAHOE AIRPORT, CA US","2019-02-01",6.71,1428,48,26,200,200,25.9,36,461.03455545444
"916776","SOUTH LAKE TAHOE AIRPORT, CA US","2019-02-02",4.7,27,42,23,200,200,19.9,25.9,158.43805092
"916777","SOUTH LAKE TAHOE AIRPORT, CA US","2019-02-03",11.41,822,35,27,210,190,23.9,36,2266.85035109484
"916778","SOUTH LAKE TAHOE AIRPORT, CA US","2019-02-04",12.08,648,31,20,200,200,23.9,40,2690.08944334848
"916779","SOUTH LAKE TAHOE AIRPORT, CA US","2019-02-05",2.68,1,23,1,190,200,14.1,21,29.37448758528
"916780","SOUTH LAKE TAHOE AIRPORT, CA US","2019-02-06",2.01,638,28,2,190,230,8.9,17,12.39236195004
"916781","SOUTH LAKE TAHOE AIRPORT, CA US","2019-02-07",2.24,1404,33,-7,30,40,8.1,8.9,17.15181060096
"916782","SOUTH LAKE TAHOE AIRPORT, CA US","2019-02-08",2.91,1148,31,1,200,190,13,19,37.60493863284
"916783","SOUTH LAKE TAHOE AIRPORT, CA US","2019-02-09",12.75,1939,28,18,200,200,31.1,45,3162.980188125
"916784","SOUTH LAKE TAHOE AIRPORT, CA US","2019-02-10",5.59,0,27,-5,190,200,23,31.1,266.56390442916
"916785","SOUTH LAKE TAHOE AIRPORT, CA US","2019-02-11",4.25,1429,33,-9,200,190,16.1,23,117.147414375
"916786","SOUTH LAKE TAHOE AIRPORT, CA US","2019-02-12",10.96,2130,39,0,190,190,38,53.9,2009.08161644544
"916787","SOUTH LAKE TAHOE AIRPORT, CA US","2019-02-13",12.3,40,44,33,190,190,32,47,2839.75747668
"916788","SOUTH LAKE TAHOE AIRPORT, CA US","2019-02-14",10.74,918,44,25,180,160,36,55.9,1890.50905315296
"916789","SOUTH LAKE TAHOE AIRPORT, CA US","2019-02-15",12.53,239,28,19,190,210,25.9,38.9,3002.05835755308
"916791","SOUTH LAKE TAHOE AIRPORT, CA US","2019-02-17",5.14,856,27,17,190,190,21.9,32,207.23126321376
"916792","SOUTH LAKE TAHOE AIRPORT, CA US","2019-02-18",3.36,1247,26,-2,20,100,13,17,57.88736077824
"916793","SOUTH LAKE TAHOE AIRPORT, CA US","2019-02-19",4.25,2301,34,-13,200,200,21,27.1,117.147414375
"916794","SOUTH LAKE TAHOE AIRPORT, CA US","2019-02-20",5.82,218,27,13,200,190,19.9,25.9,300.83950906272
"916795","SOUTH LAKE TAHOE AIRPORT, CA US","2019-02-21",6.93,1402,25,-1,50,40,17,25.1,507.88527448428
"916796","SOUTH LAKE TAHOE AIRPORT, CA US","2019-02-22",3.13,3,32,-8,30,30,12.1,17,46.79494379388
"916797","SOUTH LAKE TAHOE AIRPORT, CA US","2019-02-23",5.82,1346,38,-3,190,190,18.1,25.9,300.83950906272
"916798","SOUTH LAKE TAHOE AIRPORT, CA US","2019-02-24",11.41,1712,39,26,190,160,21.9,32,2266.85035109484
"916799","SOUTH LAKE TAHOE AIRPORT, CA US","2019-02-25",19.01,1103,43,30,200,190,36.9,59.9,10483.644073154
"916800","SOUTH LAKE TAHOE AIRPORT, CA US","2019-02-26",21.92,2237,40,31,190,190,36.9,48.1,16072.6529315635
"916801","SOUTH LAKE TAHOE AIRPORT, CA US","2019-02-27",17.22,2,42,32,200,200,31.1,42.9,7792.29451600992
"916802","SOUTH LAKE TAHOE AIRPORT, CA US","2019-02-28",12.75,25,39,34,200,190,23.9,35.1,3162.980188125
"916803","SOUTH LAKE TAHOE AIRPORT, CA US","2019-03-01",10.96,1404,42,34,180,200,23.9,38,2009.08161644544
"916804","SOUTH LAKE TAHOE AIRPORT, CA US","2019-03-02",3.58,1202,41,33,180,210,14.1,21,70.01885382048
"916805","SOUTH LAKE TAHOE AIRPORT, CA US","2019-03-03",2.01,1205,41,33,170,180,12.1,16.1,12.39236195004
"916806","SOUTH LAKE TAHOE AIRPORT, CA US","2019-03-04",4.47,1110,42,26,190,190,15,21.9,136.29768728292
"916807","SOUTH LAKE TAHOE AIRPORT, CA US","2019-03-05",4.47,1629,40,27,190,190,23,35.1,136.29768728292
"916808","SOUTH LAKE TAHOE AIRPORT, CA US","2019-03-06",8.5,1346,40,32,190,180,21.9,33.1,937.179315
"916809","SOUTH LAKE TAHOE AIRPORT, CA US","2019-03-07",6.93,117,38,30,190,180,16.1,25.9,507.88527448428
"916810","SOUTH LAKE TAHOE AIRPORT, CA US","2019-03-08",9.17,1523,31,22,200,200,19.9,28,1176.72213884652
"916811","SOUTH LAKE TAHOE AIRPORT, CA US","2019-03-09",6.71,1214,33,19,190,190,19.9,28,461.03455545444
"916812","SOUTH LAKE TAHOE AIRPORT, CA US","2019-03-10",4.25,1328,35,16,50,80,14.1,19.9,117.147414375
"916813","SOUTH LAKE TAHOE AIRPORT, CA US","2019-03-11",3.8,1057,40,23,70,70,16.1,23.9,83.73686688
"916814","SOUTH LAKE TAHOE AIRPORT, CA US","2019-03-12",4.92,1328,42,14,200,210,17,27.1,181.74447850752
"916815","SOUTH LAKE TAHOE AIRPORT, CA US","2019-03-13",4.92,1013,35,9,20,20,15,21.9,181.74447850752
"916816","SOUTH LAKE TAHOE AIRPORT, CA US","2019-03-14",2.91,0,41,8,30,120,12.1,16.1,37.60493863284
"916817","SOUTH LAKE TAHOE AIRPORT, CA US","2019-03-15",3.36,1458,45,11,20,30,10.1,15,57.88736077824
"916818","SOUTH LAKE TAHOE AIRPORT, CA US","2019-03-16",3.58,1244,49,14,30,30,10.1,14.1,70.01885382048
"916819","SOUTH LAKE TAHOE AIRPORT, CA US","2019-03-17",4.25,1130,52,17,30,40,10.1,13,117.147414375
"916820","SOUTH LAKE TAHOE AIRPORT, CA US","2019-03-18",3.13,1307,54,21,30,30,13,16.1,46.79494379388
"916821","SOUTH LAKE TAHOE AIRPORT, CA US","2019-03-19",3.58,1836,52,25,170,160,16.1,23,70.01885382048
"916822","SOUTH LAKE TAHOE AIRPORT, CA US","2019-03-20",4.7,1213,42,31,200,200,17,23.9,158.43805092
"916823","SOUTH LAKE TAHOE AIRPORT, CA US","2019-03-21",2.24,1258,40,25,40,30,12.1,17,17.15181060096
"916824","SOUTH LAKE TAHOE AIRPORT, CA US","2019-03-22",5.82,1438,40,20,180,190,18.1,23,300.83950906272
"916825","SOUTH LAKE TAHOE AIRPORT, CA US","2019-03-23",5.14,1541,37,22,200,180,15,25.9,207.23126321376
"916826","SOUTH LAKE TAHOE AIRPORT, CA US","2019-03-24",3.36,1316,47,13,200,200,12.1,18.1,57.88736077824
"916827","SOUTH LAKE TAHOE AIRPORT, CA US","2019-03-25",14.54,922,48,21,190,180,31.1,45,4690.93199425056
"916828","SOUTH LAKE TAHOE AIRPORT, CA US","2019-03-26",12.3,1112,46,35,180,190,25.1,38,2839.75747668
"916829","SOUTH LAKE TAHOE AIRPORT, CA US","2019-03-27",8.72,146,42,31,190,180,25.1,35.1,1011.84822024192
"916830","SOUTH LAKE TAHOE AIRPORT, CA US","2019-03-28",5.37,1416,38,22,190,190,17,28,236.31363164412
"916831","SOUTH LAKE TAHOE AIRPORT, CA US","2019-03-29",2.91,1226,41,14,30,30,12.1,16.1,37.60493863284
"916832","SOUTH LAKE TAHOE AIRPORT, CA US","2019-03-30",4.92,941,46,19,70,20,14.1,19.9,181.74447850752
"916833","SOUTH LAKE TAHOE AIRPORT, CA US","2019-03-31",3.58,1209,52,21,30,40,12.1,16.1,70.01885382048
